ProductID,ProductName,Category,SubCategory,Brand,SupplierID,CostPrice,ListPrice,MarginPct,IsActive,LaunchDate,Weight_kg
PRD00001,Refrigerator,Electronics,Large Appliances,Brand43,SUP018,19511.43,21832.99,10.63,True,2022-07-27,19.05
PRD00002,Refrigerator Premium,Electronics,Large Appliances,Brand23,SUP101,19792.04,21694.35,8.77,True,2020-10-18,20.59
PRD00003,Refrigerator Pro,Electronics,Large Appliances,Brand28,SUP178,11851.12,13075.43,9.36,True,2018-04-18,18.98
PRD00004,Refrigerator Max,Electronics,Large Appliances,Brand45,SUP136,9791.14,11361.82,13.82,True,2022-05-13,1.19
PRD00005,Refrigerator Select,Electronics,Large Appliances,Brand38,SUP074,5150.66,5859.57,12.1,True,2023-11-11,11.79
PRD00006,Refrigerator Classic,Electronics,Large Appliances,Brand24,SUP067,5966.0,6540.2,8.78,True,2019-12-12,20.83
PRD00007,Refrigerator Classic,Electronics,Large Appliances,Brand42,SUP088,17803.64,19754.21,9.87,True,2022-11-08,17.09
PRD00008,Refrigerator Premium,ELECTRONICS,Large Appliances,Brand01,SUP160,4813.76,5301.47,9.2,True,2022-06-20,19.54
PRD00009,Refrigerator Pro,Electronics,Large Appliances,Brand07,SUP050,12210.37,13783.39,11.41,True,2018-08-13,14.17
PRD00010,Refrigerator Eco,ELECTRONICS,Large Appliances,Brand28,SUP019,19303.85,21888.51,11.81,True,2021-08-01,10.97
PRD00011,Refrigerator Select,Electronics,Large Appliances,Brand43,SUP007,6548.0,7312.21,10.45,True,2019-11-08,7.41
PRD00012,Refrigerator Max,Electronics,Large Appliances,Brand40,SUP200,16914.92,19078.88,11.34,True,2021-06-22,4.26
PRD00013,Washing Machine,Electronics,Large Appliances,Brand37,SUP140,2101.35,2297.57,8.54,True,2020-11-14,3.89
PRD00014,Washing Machine Plus,Electronics,Large Appliances,Brand20,SUP048,17712.22,19829.39,10.68,True,2019-08-10,2.28
PRD00015,Washing Machine Lite,Electronics,Large Appliances,Brand46,SUP100,4309.79,4998.1,13.77,True,2022-10-27,19.49
PRD00016,Washing Machine Classic,Electronics,Large Appliances,Brand14,SUP016,18188.93,20367.47,10.7,True,2018-02-13,5.14
PRD00017,Washing Machine Max,Electronics,Large Appliances,Brand09,SUP093,8665.54,9788.84,11.48,True,2023-06-20,10.86
PRD00018,Washing Machine Pro,Electronics,Large Appliances,Brand33,SUP126,16112.88,18207.59,11.5,True,2018-10-02,12.4
PRD00019,Washing Machine Classic,Electronics,Large Appliances,Brand06,SUP036,9219.53,10116.58,8.87,True,2021-04-25,14.57
PRD00020,Washing Machine Elite,Electronics,Large Appliances,Brand02,SUP031,9613.71,10868.54,11.55,True,2023-06-22,2.16
PRD00021,Washing Machine Lite,ELECTRONICS,Large Appliances,Brand47,SUP033,12853.31,14432.88,10.94,True,2021-10-08,8.36
PRD00022,Washing Machine Elite,Electronics,Large Appliances,Brand02,SUP073,13641.58,15264.75,10.63,True,2022-07-04,13.9
PRD00023,Washing Machine Plus,Electronics,Large Appliances,Brand15,SUP049,4091.24,4650.9,12.03,True,2021-12-21,2.78
PRD00024,Washing Machine Elite,Electronics,Large Appliances,Brand02,SUP029,22803.57,25164.3,9.38,True,2021-04-23,20.23
PRD00025,Air Conditioner,Electronics,Large Appliances,Brand15,SUP125,8924.69,10343.56,13.72,True,2021-12-26,4.2
PRD00026,Air Conditioner Select,Electronics,Large Appliances,Brand50,SUP031,2615.8,2926.3,10.61,True,2023-11-25,22.35
PRD00027,Air Conditioner Pro,Electronics,Large Appliances,Brand39,SUP068,13599.54,15093.09,9.9,True,2021-11-03,18.7
PRD00028,Air Conditioner Select,Electronics,Large Appliances,Brand13,SUP007,7657.52,8865.01,13.62,True,2018-11-05,4.56
PRD00029,Air Conditioner Pro,Electronics,Large Appliances,Brand10,SUP057,15465.7,17827.36,13.25,True,2019-04-27,12.57
PRD00030,Air Conditioner Plus,Electronics,Large Appliances,Brand12,SUP056,4909.82,5341.62,8.08,True,2018-12-04,12.71
PRD00031,Air Conditioner Lite,Electronics,Large Appliances,Brand10,SUP173,17664.53,19956.92,11.49,True,2022-02-20,3.36
PRD00032,Air Conditioner Pro,Electronics,Large Appliances,Brand20,SUP195,4442.99,5140.29,13.57,True,2019-07-18,23.9
PRD00033,Air Conditioner Max,Electronics,Large Appliances,Brand02,SUP120,8213.39,9500.61,13.55,True,2021-11-03,3.59
PRD00034,Air Conditioner Plus,Electronics,Large Appliances,Brand30,SUP037,11287.97,13094.7,13.8,True,2023-06-13,19.64
PRD00035,Air Conditioner Elite,Electronics,Large Appliances,Brand42,SUP051,1988.37,2176.77,8.65,True,2022-05-15,15.19
PRD00036,Air Conditioner Elite,Electronics,Large Appliances,Brand21,SUP024,21684.85,24535.55,11.62,True,2020-02-18,21.7
PRD00037,Microwave Oven,Electronics,Large Appliances,Brand12,SUP199,12094.06,13361.69,9.49,True,2022-12-03,1.76
PRD00038,Microwave Oven Plus,Electronics,Large Appliances,Brand42,SUP064,15351.0,16846.47,8.88,True,2019-11-25,4.22
PRD00039,Microwave Oven Max,Electronics,Large Appliances,Brand06,SUP109,8173.39,8974.02,8.92,True,2018-03-05,1.43
PRD00040,Microwave Oven Premium,Electronics,Large Appliances,Brand20,SUP166,15274.76,17374.32,12.08,True,2019-09-24,21.29
PRD00041,Microwave Oven Select,Electronics,Large Appliances,Brand12,SUP046,2582.53,2840.72,9.09,True,2019-12-12,1.33
PRD00042,Microwave Oven Select,Electronics,Large Appliances,Brand06,SUP019,10233.51,11516.77,11.14,True,2023-05-25,2.57
PRD00043,Microwave Oven Elite,Electronics,Large Appliances,Brand49,SUP065,21124.85,24398.08,13.42,True,2022-08-18,19.5
PRD00044,Microwave Oven Elite,Electronics,Large Appliances,Brand26,SUP194,4693.25,5286.17,11.22,True,2023-10-11,16.03
PRD00045,Microwave Oven Lite,Electronics,Large Appliances,Brand24,SUP034,7750.29,8501.72,8.84,True,2020-05-10,9.22
PRD00046,Microwave Oven Plus,Electronics,Large Appliances,Brand35,SUP048,9164.71,10214.42,10.28,True,2019-09-25,12.07
PRD00047,Microwave Oven Select,Electronics,Large Appliances,Brand43,SUP098,9184.77,10344.68,11.21,True,2021-07-15,15.86
PRD00048,Microwave Oven Pro,Electronics,Large Appliances,Brand11,SUP120,8253.01,9422.25,12.41,True,2022-12-04,15.4
PRD00049,Dishwasher,Electronics,Large Appliances,Brand05,SUP105,3778.84,4311.49,12.35,True,2023-12-26,20.04
PRD00050,Dishwasher Select,Electronics,Large Appliances,Brand40,SUP187,15333.58,17563.38,12.7,True,2023-09-16,2.47
PRD00051,Dishwasher Plus,Electronics,Large Appliances,Brand29,SUP002,15854.64,17428.0,9.03,True,2021-09-15,19.12
PRD00052,Dishwasher Elite,Electronics,Large Appliances,Brand30,SUP028,20097.5,22569.52,10.95,True,2023-10-04,2.28
PRD00053,Dishwasher Select,Electronics,Large Appliances,Brand39,SUP042,16820.98,18796.84,10.51,True,2022-09-25,19.09
PRD00054,Dishwasher Max,Electronics,Large Appliances,Brand16,SUP063,7844.65,8734.25,10.19,True,2018-02-26,11.0
PRD00055,Dishwasher Plus,Electronics,Large Appliances,Brand28,SUP190,10458.44,11935.88,12.38,True,2023-08-13,9.47
PRD00056,Dishwasher Premium,Electronics,Large Appliances,Brand48,SUP085,24440.19,27870.03,12.31,True,2018-11-18,3.14
PRD00057,Dishwasher Max,Electronics,Large Appliances,Brand01,SUP020,15207.88,17304.61,12.12,True,2020-06-08,11.52
PRD00058,Dishwasher Max,Electronics,Large Appliances,Brand46,SUP148,11825.63,13112.14,9.81,True,2022-05-27,21.99
PRD00059,Dishwasher Pro,Electronics,Large Appliances,Brand06,SUP134,8154.58,9375.38,13.02,True,2023-02-18,2.35
PRD00060,Dishwasher Elite,Electronics,Large Appliances,Brand13,SUP091,22363.75,24354.48,8.17,True,2018-10-06,22.77
PRD00061,Mixer Grinder,Electronics,Small Appliances,Brand01,SUP032,16784.03,18286.64,8.22,True,2018-12-22,6.04
PRD00062,Mixer Grinder Classic,Electronics,Small Appliances,Brand41,SUP194,21260.05,23195.33,8.34,True,2023-11-19,20.97
PRD00063,Mixer Grinder Plus,Electronics,Small Appliances,Brand07,SUP140,2505.51,2759.7,9.21,True,2021-07-18,21.29
PRD00064,Mixer Grinder Pro,Electronics,Small Appliances,Brand10,SUP004,5172.06,5904.7,12.41,True,2019-07-27,15.33
PRD00065,Mixer Grinder Pro,Electronics,Small Appliances,Brand03,SUP044,2838.04,3214.01,11.7,True,2023-05-05,2.38
PRD00066,Mixer Grinder Eco,Electronics,Small Appliances,Brand23,SUP109,5828.38,6767.76,13.88,True,2022-11-16,3.71
PRD00067,Mixer Grinder Lite,Electronics,Small Appliances,Brand29,SUP108,23499.12,26054.57,9.81,True,2022-06-26,3.8
PRD00068,Mixer Grinder Select,Electronics,Small Appliances,Brand24,SUP026,13356.07,14910.36,10.42,True,2018-12-08,7.69
PRD00069,Mixer Grinder Lite,Electronics,Small Appliances,Brand32,SUP195,11491.66,13009.32,11.67,True,2020-11-06,14.75
PRD00070,Mixer Grinder Elite,Electronics,Small Appliances,Brand21,SUP096,8922.42,9721.14,8.22,True,2020-02-16,14.19
PRD00071,Mixer Grinder Eco,Electronics,Small Appliances,Brand33,SUP124,17843.9,20251.31,11.89,True,2019-05-15,10.84
PRD00072,Mixer Grinder Select,Electronics,Small Appliances,Brand26,SUP162,16082.84,17902.43,10.16,True,2022-02-25,12.64
PRD00073,Juicer,Electronics,Small Appliances,Brand16,SUP104,13632.38,15633.32,12.8,True,2023-01-04,1.89
PRD00074,Juicer Pro,Electronics,Small Appliances,Brand15,SUP114,21088.19,23005.32,8.33,True,2020-09-09,18.59
PRD00075,Juicer Classic,Electronics,Small Appliances,Brand43,SUP084,1915.27,2200.52,12.96,True,2020-03-17,3.08
PRD00076,Juicer Pro,Electronics,Small Appliances,Brand50,SUP090,10032.01,11631.39,13.75,True,2022-10-19,17.66
PRD00077,Juicer Lite,Electronics,Small Appliances,Brand01,SUP135,10563.23,11982.61,11.85,True,2019-06-05,4.23
PRD00078,Juicer Select,Electronics,Small Appliances,Brand28,SUP041,20956.35,24349.39,13.93,True,2023-08-04,11.26
PRD00079,Juicer Premium,Electronics,Small Appliances,Brand38,SUP009,10672.87,11661.83,8.48,True,2020-12-05,4.61
PRD00080,Juicer Eco,Electronics,Small Appliances,Brand12,SUP039,22597.13,24633.83,8.27,True,2019-12-16,12.38
PRD00081,Juicer Premium,Electronics,Small Appliances,Brand43,SUP171,3524.37,3892.7,9.46,True,2021-05-19,19.1
PRD00082,Juicer Classic,Electronics,Small Appliances,Brand27,SUP177,2921.66,3253.51,10.2,True,2020-04-14,19.24
PRD00083,Juicer Lite,Electronics,Small Appliances,Brand46,SUP061,21320.46,23963.31,11.03,True,2021-05-10,12.52
PRD00084,Juicer Pro,Electronics,Small Appliances,Brand20,SUP200,13890.45,15202.4,8.63,True,2023-05-05,8.54
PRD00085,Electric Kettle,Electronics,Small Appliances,Brand47,SUP139,6015.4,6549.08,8.15,True,2020-02-17,0.28
PRD00086,Electric Kettle Max,Electronics,Small Appliances,Brand32,SUP143,8018.16,9134.19,12.22,True,2023-11-13,19.06
PRD00087,Electric Kettle Elite,Electronics,Small Appliances,Brand49,SUP125,22509.62,25673.69,12.32,True,2022-01-04,18.34
PRD00088,Electric Kettle Select,Electronics,Small Appliances,Brand33,SUP084,11774.06,13276.81,11.32,True,2023-02-08,18.37
PRD00089,Electric Kettle Pro,Electronics,Small Appliances,Brand07,SUP060,18955.87,21080.57,10.08,True,2018-12-14,24.64
PRD00090,Electric Kettle Elite,Electronics,Small Appliances,Brand21,SUP015,12350.76,14339.26,13.87,True,2022-03-15,20.07
PRD00091,Electric Kettle Elite,Electronics,Small Appliances,Brand02,SUP012,23004.96,26422.89,12.94,False,2020-05-03,16.92
PRD00092,Electric Kettle Pro,Electronics,Small Appliances,Brand44,SUP148,18104.76,20724.86,12.64,True,2022-05-02,5.94
PRD00093,Electric Kettle Lite,Electronics,Small Appliances,Brand01,SUP191,15987.48,18407.89,13.15,True,2021-07-01,10.09
PRD00094,Electric Kettle Elite,Electronics,Small Appliances,Brand12,SUP084,22331.34,25385.08,12.03,True,2023-10-24,7.54
PRD00095,Electric Kettle Plus,Electronics,Small Appliances,Brand14,SUP110,15255.67,17022.93,10.38,True,2023-09-03,8.61
PRD00096,Electric Kettle Max,Electronics,Small Appliances,Brand50,SUP128,18206.29,20889.45,12.84,True,2019-07-04,14.41
PRD00097,Air Fryer,Electronics,Small Appliances,Brand30,SUP013,24693.92,28126.89,12.21,True,2020-03-14,3.45
PRD00098,Air Fryer Lite,Electronics,Small Appliances,Brand11,SUP111,10042.65,10963.95,8.4,True,2018-12-18,8.65
PRD00099,Air Fryer Select,Electronics,Small Appliances,Brand38,SUP101,11317.35,13122.36,13.76,True,2021-05-25,5.95
PRD00100,Air Fryer Elite,Electronics,Small Appliances,Brand27,SUP197,9114.82,10531.81,13.45,True,2022-08-18,7.55
PRD00101,Air Fryer Plus,Electronics,Small Appliances,Brand08,SUP070,7168.8,7959.58,9.93,True,2023-01-16,19.82
PRD00102,Air Fryer Premium,Electronics,Small Appliances,Brand24,SUP190,19740.12,22088.16,10.63,True,2023-04-22,22.57
PRD00103,Air Fryer Plus,Electronics,Small Appliances,Brand29,SUP064,19827.39,21814.97,9.11,True,2018-04-26,12.87
PRD00104,Air Fryer Select,Electronics,Small Appliances,Brand48,SUP148,11609.14,12648.2,8.22,False,2018-01-07,1.73
PRD00105,Air Fryer Premium,Electronics,Small Appliances,Brand16,SUP010,12122.36,13635.42,11.1,True,2018-08-11,1.61
PRD00106,Air Fryer Select,Electronics,Small Appliances,Brand16,SUP099,17755.55,19563.65,9.24,True,2020-02-01,2.89
PRD00107,Air Fryer Pro,Electronics,Small Appliances,Brand26,SUP055,21569.57,23447.07,8.01,True,2020-05-12,19.54
PRD00108,Air Fryer Elite,Electronics,Small Appliances,Brand17,SUP120,21069.9,23297.64,9.56,True,2019-11-19,5.78
PRD00109,Induction Cooktop,Electronics,Small Appliances,Brand03,SUP099,9239.8,10692.02,13.58,True,2020-03-05,1.28
PRD00110,Induction Cooktop Pro,Electronics,Small Appliances,Brand01,SUP187,4777.91,5524.42,13.51,False,2019-02-03,15.54
PRD00111,Induction Cooktop Elite,Electronics,Small Appliances,Brand30,SUP138,7174.98,8099.57,11.42,False,2023-04-24,15.52
PRD00112,Induction Cooktop Select,Electronics,Small Appliances,Brand43,SUP059,5346.58,6120.0,12.64,True,2019-07-13,15.13
PRD00113,Induction Cooktop Classic,Electronics,Small Appliances,Brand41,SUP030,24394.25,27155.78,10.17,True,2019-02-17,5.49
PRD00114,Induction Cooktop Premium,Electronics,Small Appliances,Brand04,SUP173,11170.05,12398.19,9.91,True,2018-05-01,4.22
PRD00115,Induction Cooktop Elite,Electronics,Small Appliances,Brand37,SUP166,18381.12,20946.8,12.25,True,2019-02-17,3.24
PRD00116,Induction Cooktop Pro,Electronics,Small Appliances,Brand09,SUP159,4905.68,5584.7,12.16,True,2021-04-01,0.51
PRD00117,Induction Cooktop Lite,electronics,Small Appliances,Brand07,SUP115,24589.74,27787.48,11.51,True,2023-05-15,15.58
PRD00118,Induction Cooktop Max,Electronics,Small Appliances,Brand30,SUP027,7906.11,8622.01,8.3,True,2019-12-23,0.55
PRD00119,Induction Cooktop Premium,Electronics,Small Appliances,Brand44,SUP168,15380.67,16974.15,9.39,True,2019-03-15,9.96
PRD00120,Induction Cooktop Classic,Electronics,Small Appliances,Brand29,SUP054,17278.86,19714.51,12.35,True,2022-02-12,12.91
PRD00121,Vacuum Cleaner,Electronics,Small Appliances,Brand27,SUP086,1863.99,2137.02,12.78,True,2020-10-25,9.94
PRD00122,Vacuum Cleaner Lite,Electronics,Small Appliances,Brand49,SUP054,17393.83,19092.33,8.9,True,2019-12-24,22.82
PRD00123,Vacuum Cleaner Premium,Electronics,Small Appliances,Brand37,SUP129,6491.52,7279.02,10.82,True,2023-05-14,18.57
PRD00124,Vacuum Cleaner Select,Electronics,Small Appliances,Brand29,SUP089,18519.08,21212.61,12.7,True,2018-09-24,19.97
PRD00125,Vacuum Cleaner Lite,Electronics,Small Appliances,Brand38,SUP092,3889.31,4284.63,9.23,True,2018-12-11,18.01
PRD00126,Vacuum Cleaner Eco,Electronics,Small Appliances,Brand16,SUP070,22144.46,24705.91,10.37,True,2021-05-12,15.08
PRD00127,Vacuum Cleaner Pro,Electronics,Small Appliances,Brand10,SUP068,23252.46,26069.49,10.81,True,2020-10-04,4.16
PRD00128,Vacuum Cleaner Pro,Electronics,Small Appliances,Brand48,SUP146,17439.73,19385.42,10.04,True,2019-06-21,22.04
PRD00129,Vacuum Cleaner Select,Electronics,Small Appliances,Brand10,SUP096,8020.28,8834.13,9.21,True,2021-06-08,1.22
PRD00130,Vacuum Cleaner Elite,Electronics,Small Appliances,Brand33,SUP135,12733.56,14764.57,13.76,True,2020-03-07,7.44
PRD00131,Vacuum Cleaner Classic,Electronics,Small Appliances,Brand46,SUP022,19299.32,22249.69,13.26,True,2023-05-26,1.89
PRD00132,Vacuum Cleaner Elite,Electronics,Small Appliances,Brand28,SUP086,4768.37,5288.01,9.83,True,2018-09-17,13.6
PRD00133,Ceiling Fan,Electronics,Small Appliances,Brand09,SUP022,5406.09,5974.87,9.52,True,2023-07-20,7.47
PRD00134,Ceiling Fan Pro,Electronics,Small Appliances,Brand39,SUP007,10178.78,11363.94,10.43,True,2022-08-26,3.1
PRD00135,Ceiling Fan Lite,Electronics,Small Appliances,Brand14,SUP036,22342.63,24445.53,8.6,True,2023-08-12,11.3
PRD00136,Ceiling Fan Plus,Electronics,Small Appliances,Brand43,SUP115,7258.88,8273.31,12.26,True,2023-07-15,6.29
PRD00137,Ceiling Fan Pro,Electronics,Small Appliances,Brand48,SUP015,7248.16,7962.17,8.97,True,2023-04-14,12.32
PRD00138,Ceiling Fan Premium,Electronics,Small Appliances,Brand22,SUP073,13851.86,15602.35,11.22,True,2018-03-26,12.1
PRD00139,Ceiling Fan Lite,Electronics,Small Appliances,Brand28,SUP192,23665.54,26000.79,8.98,True,2019-11-01,3.06
PRD00140,Ceiling Fan Select,Electronics,Small Appliances,Brand31,SUP015,22822.96,25338.91,9.93,True,2020-07-15,4.76
PRD00141,Ceiling Fan Premium,Electronics,Small Appliances,Brand38,SUP075,24485.9,28115.58,12.91,True,2020-10-25,8.6
PRD00142,Ceiling Fan Pro,Electronics,Small Appliances,Brand40,SUP132,2736.22,3042.08,10.05,True,2021-08-22,5.38
PRD00143,Ceiling Fan Elite,Electronics,Small Appliances,Brand32,SUP151,22983.68,25716.85,10.63,True,2018-04-08,1.65
PRD00144,Ceiling Fan Lite,Electronics,Small Appliances,Brand08,SUP158,12195.22,13368.17,8.77,True,2021-02-25,8.05
PRD00145,Smartphone,Electronics,Consumer Electronics,Brand33,SUP132,18404.22,20624.81,10.77,True,2021-08-26,8.63
PRD00146,Smartphone Select,Electronics,Consumer Electronics,Brand43,SUP117,5682.43,6462.34,12.07,True,2018-04-25,18.77
PRD00147,Smartphone Classic,Electronics,Consumer Electronics,Brand33,SUP035,24560.14,27654.23,11.19,True,2019-09-10,18.49
PRD00148,Smartphone Plus,Electronics,Consumer Electronics,Brand36,SUP118,10917.77,12318.5,11.37,True,2021-04-12,16.21
PRD00149,Smartphone Max,Electronics,Consumer Electronics,Brand23,SUP052,9509.25,10618.8,10.45,True,2018-04-19,16.42
PRD00150,Smartphone Premium,Electronics,Consumer Electronics,Brand17,SUP162,16937.93,18434.56,8.12,True,2019-12-24,6.24
PRD00151,Smartphone Premium,Electronics,Consumer Electronics,Brand14,SUP154,17052.4,18692.92,8.78,True,2018-04-19,22.77
PRD00152,Smartphone Max,Electronics,Consumer Electronics,Brand36,SUP154,6268.46,7063.25,11.25,True,2023-09-07,15.67
PRD00153,Smartphone Max,Electronics,Consumer Electronics,Brand20,SUP089,9002.38,10450.48,13.86,False,2022-07-11,21.89
PRD00154,Smartphone Plus,Electronics,Consumer Electronics,Brand47,SUP170,15717.02,17593.09,10.66,True,2023-11-15,12.3
PRD00155,Smartphone Premium,Electronics,Consumer Electronics,Brand13,SUP081,16226.29,18030.15,10.0,True,2023-04-23,24.46
PRD00156,Smartphone Elite,Electronics,Consumer Electronics,Brand39,SUP022,18840.18,21553.31,12.59,True,2020-09-07,16.16
PRD00157,Tablet,Electronics,Consumer Electronics,Brand30,SUP073,8279.99,9153.9,9.55,True,2020-08-23,21.53
PRD00158,Tablet Pro,Electronics,Consumer Electronics,Brand17,SUP091,5461.44,5939.26,8.05,True,2022-03-04,19.38
PRD00159,Tablet Max,Electronics,Consumer Electronics,Brand50,SUP058,4256.44,4747.33,10.34,True,2019-01-12,15.53
PRD00160,Tablet Eco,Electronics,Consumer Electronics,Brand04,SUP188,23194.98,26934.87,13.88,True,2018-03-08,22.13
PRD00161,Tablet Classic,Electronics,Consumer Electronics,Brand42,SUP116,16950.53,18559.87,8.67,True,2019-07-15,12.57
PRD00162,Tablet Pro,Electronics,Consumer Electronics,Brand50,SUP005,17476.83,19841.12,11.92,True,2023-02-03,18.22
PRD00163,Tablet Elite,Electronics,Consumer Electronics,Brand24,SUP036,24209.19,26872.22,9.91,True,2020-05-19,8.9
PRD00164,Tablet Select,Electronics,Consumer Electronics,Brand42,SUP188,19824.48,22784.85,12.99,True,2020-03-21,20.05
PRD00165,Tablet Elite,Electronics,Consumer Electronics,Brand08,SUP114,12959.89,14958.01,13.36,True,2023-04-05,13.39
PRD00166,Tablet Elite,Electronics,Consumer Electronics,Brand01,SUP018,3139.74,3424.55,8.32,True,2020-02-01,16.34
PRD00167,Tablet Pro,Electronics,Consumer Electronics,Brand08,SUP014,20650.98,22695.38,9.01,True,2023-07-15,20.5
PRD00168,Tablet Max,Electronics,Consumer Electronics,Brand37,SUP118,3724.62,4155.41,10.37,True,2019-03-14,18.78
PRD00169,Laptop,Electronics,Consumer Electronics,Brand11,SUP126,12343.95,13747.18,10.21,True,2019-12-04,2.24
PRD00170,Laptop Pro,Electronics,Consumer Electronics,Brand42,SUP013,5660.55,6223.95,9.05,True,2020-11-04,16.37
PRD00171,Laptop Plus,Electronics,Consumer Electronics,Brand44,SUP191,11974.31,13357.85,10.36,True,2023-06-06,5.6
PRD00172,Laptop Elite,Electronics,Consumer Electronics,Brand37,SUP002,16779.51,18589.06,9.73,True,2021-05-23,17.79
PRD00173,Laptop Select,Electronics,Consumer Electronics,Brand31,SUP075,2190.94,2389.16,8.3,True,2020-04-12,18.97
PRD00174,Laptop Plus,Electronics,Consumer Electronics,Brand20,SUP151,20731.72,23390.61,11.37,True,2019-02-09,14.15
PRD00175,Laptop Lite,Electronics,Consumer Electronics,Brand01,SUP002,17256.42,18838.16,8.4,True,2019-10-18,4.38
PRD00176,Laptop Premium,Electronics,Consumer Electronics,Brand24,SUP169,22206.87,24901.1,10.82,True,2023-05-06,14.69
PRD00177,Laptop Pro,Electronics,Consumer Electronics,Brand11,SUP179,6105.4,6944.04,12.08,True,2018-02-12,4.49
PRD00178,Laptop Plus,Electronics,Consumer Electronics,Brand17,SUP069,4696.49,5408.32,13.16,True,2020-07-10,6.69
PRD00179,Laptop Premium,Electronics,Consumer Electronics,Brand45,SUP007,15722.99,17322.24,9.23,True,2023-10-03,2.97
PRD00180,Laptop Plus,Electronics,Consumer Electronics,Brand43,SUP193,15933.52,17457.91,8.73,True,2022-09-15,24.92
PRD00181,Smart TV,Electronics,Consumer Electronics,Brand17,SUP094,2598.76,2900.65,10.41,True,2023-11-22,4.34
PRD00182,Smart TV Max,Electronics,Consumer Electronics,Brand25,SUP058,24254.85,27250.14,10.99,True,2023-10-11,14.66
PRD00183,Smart TV Plus,Electronics,Consumer Electronics,Brand10,SUP197,4542.62,5043.24,9.93,True,2018-01-16,9.03
PRD00184,Smart TV Premium,Electronics,Consumer Electronics,Brand32,SUP076,11045.91,12354.1,10.59,True,2023-09-11,8.3
PRD00185,Smart TV Lite,Electronics,Consumer Electronics,Brand24,SUP059,12028.0,13576.79,11.41,True,2021-05-09,8.71
PRD00186,Smart TV Elite,Electronics,Consumer Electronics,Brand09,SUP101,10348.89,11318.65,8.57,True,2022-11-06,14.11
PRD00187,Smart TV Max,Electronics,Consumer Electronics,Brand42,SUP195,19084.63,21098.37,9.54,True,2023-02-19,1.41
PRD00188,Smart TV Pro,Electronics,Consumer Electronics,Brand47,SUP185,23487.42,26200.45,10.35,False,2021-08-02,17.04
PRD00189,Smart TV Lite,Electronics,Consumer Electronics,Brand38,SUP031,14614.83,15913.22,8.16,True,2023-03-13,0.24
PRD00190,Smart TV Premium,Electronics,Consumer Electronics,Brand44,SUP198,19805.61,22002.39,9.98,True,2020-01-08,4.1
PRD00191,Smart TV Plus,Electronics,Consumer Electronics,Brand27,SUP049,19533.49,21942.7,10.98,True,2023-10-24,4.77
PRD00192,Smart TV Eco,Electronics,Consumer Electronics,Brand19,SUP024,15347.27,17695.23,13.27,True,2018-07-14,14.15
PRD00193,Monitor,Electronics,Consumer Electronics,Brand22,SUP187,24336.19,27543.11,11.64,True,2020-02-04,19.89
PRD00194,Monitor Classic,Electronics,Consumer Electronics,Brand16,SUP147,20989.09,23245.38,9.71,False,2023-12-15,11.65
PRD00195,Monitor Eco,Electronics,Consumer Electronics,Brand34,SUP023,17568.69,19302.08,8.98,True,2020-02-02,11.6
PRD00196,Monitor Max,Electronics,Consumer Electronics,Brand07,SUP115,13678.16,15078.33,9.29,True,2019-03-03,23.69
PRD00197,Monitor Lite,Electronics,Consumer Electronics,Brand49,SUP050,10960.74,12577.42,12.85,True,2018-12-24,15.89
PRD00198,Monitor Lite,Electronics,Consumer Electronics,Brand02,SUP041,11517.68,12881.36,10.59,True,2021-06-26,1.11
PRD00199,Monitor Max,Electronics,Consumer Electronics,Brand46,SUP078,17931.85,19882.43,9.81,True,2018-10-23,3.03
PRD00200,Monitor Select,Electronics,Consumer Electronics,Brand08,SUP145,2961.43,3404.27,13.01,True,2021-11-16,9.99
PRD00201,Monitor Plus,Electronics,Consumer Electronics,Brand49,SUP058,11888.25,12975.42,8.38,True,2019-07-08,24.11
PRD00202,Monitor Plus,Electronics,Consumer Electronics,Brand36,SUP109,3760.08,4332.08,13.2,True,2022-08-23,23.59
PRD00203,Monitor Elite,Electronics,Consumer Electronics,Brand28,SUP078,4516.72,5178.22,12.77,True,2021-03-27,17.65
PRD00204,Monitor Premium,Electronics,Consumer Electronics,Brand20,SUP056,12767.1,14303.02,10.74,True,2020-02-03,2.03
PRD00205,Camera,Electronics,Consumer Electronics,Brand47,SUP168,19648.48,21996.97,10.68,False,2021-04-05,5.22
PRD00206,Camera Lite,Electronics,Consumer Electronics,Brand26,SUP133,24187.68,26671.38,9.31,True,2023-01-07,1.32
PRD00207,Camera Plus,Electronics,Consumer Electronics,Brand10,SUP030,5134.72,5604.36,8.38,True,2021-04-15,15.69
PRD00208,Camera Premium,Electronics,Consumer Electronics,Brand31,SUP131,6253.27,7171.47,12.8,True,2023-02-10,2.36
PRD00209,Camera Eco,Electronics,Consumer Electronics,Brand48,SUP170,6810.9,7620.76,10.63,True,2020-02-15,4.65
PRD00210,Camera Plus,Electronics,Consumer Electronics,Brand34,SUP033,9008.01,10226.98,11.92,True,2020-10-20,4.3
PRD00211,Camera Premium,Electronics,Consumer Electronics,Brand06,SUP118,23282.32,25620.84,9.13,True,2020-01-14,10.97
PRD00212,Camera Max,Electronics,Consumer Electronics,Brand24,SUP185,24629.84,27648.41,10.92,True,2020-09-17,5.78
PRD00213,Camera Eco,Electronics,Consumer Electronics,Brand50,SUP004,16351.59,17832.59,8.31,True,2020-04-13,1.6
PRD00214,Camera Classic,Electronics,Consumer Electronics,Brand40,SUP181,20629.8,23413.45,11.89,True,2020-03-24,15.81
PRD00215,Camera Premium,Electronics,Consumer Electronics,Brand34,SUP186,9632.34,10942.75,11.98,True,2023-08-12,20.32
PRD00216,Camera Max,Electronics,Consumer Electronics,Brand23,SUP107,13296.04,15181.5,12.42,True,2019-05-04,5.04
PRD00217,Headphones,Electronics,Consumer Electronics,Brand45,SUP147,16101.67,18398.46,12.48,True,2019-02-26,3.95
PRD00218,Headphones Elite,Electronics,Consumer Electronics,Brand27,SUP038,6155.93,6820.82,9.75,True,2023-03-20,4.46
PRD00219,Headphones Premium,Electronics,Consumer Electronics,Brand08,SUP078,9864.29,11067.36,10.87,True,2019-05-04,13.8
PRD00220,Headphones Lite,Electronics,Consumer Electronics,Brand25,SUP049,17914.03,19560.98,8.42,True,2022-02-23,11.26
PRD00221,Headphones Lite,Electronics,Consumer Electronics,Brand19,SUP037,20591.41,22739.0,9.44,True,2019-05-11,6.1
PRD00222,Headphones Plus,Electronics,Consumer Electronics,Brand14,SUP074,18997.52,21080.97,9.88,True,2018-09-09,9.29
PRD00223,Headphones Pro,ELECTRONICS,Consumer Electronics,Brand47,SUP073,7044.24,8057.83,12.58,True,2020-01-24,24.97
PRD00224,Headphones Premium,Electronics,Consumer Electronics,Brand46,SUP101,15793.24,18224.09,13.34,True,2022-10-03,0.49
PRD00225,Headphones Max,Electronics,Consumer Electronics,Brand21,SUP091,12634.12,14190.2,10.97,True,2021-08-23,2.81
PRD00226,Headphones Pro,Electronics,Consumer Electronics,Brand43,SUP155,6793.49,7786.95,12.76,True,2023-02-25,7.93
PRD00227,Headphones Premium,Electronics,Consumer Electronics,Brand31,SUP126,10883.51,12040.41,9.61,True,2023-12-16,7.48
PRD00228,Headphones Classic,Electronics,Consumer Electronics,Brand03,SUP126,5510.11,6066.47,9.17,True,2023-01-23,17.07
PRD00229,Earbuds,Electronics,Consumer Electronics,Brand41,SUP196,6022.77,6622.27,9.05,True,2019-10-04,16.97
PRD00230,Earbuds Select,Electronics,Consumer Electronics,Brand14,SUP069,20450.43,22575.09,9.41,True,2023-01-12,10.87
PRD00231,Earbuds Eco,Electronics,Consumer Electronics,Brand39,SUP116,7439.08,8516.87,12.65,True,2020-11-06,0.21
PRD00232,Earbuds Premium,Electronics,Consumer Electronics,Brand02,SUP042,14811.8,17215.91,13.96,True,2019-09-22,2.32
PRD00233,Earbuds Plus,Electronics,Consumer Electronics,Brand19,SUP048,10734.56,12265.61,12.48,True,2019-07-12,12.04
PRD00234,Earbuds Classic,Electronics,Consumer Electronics,Brand35,SUP027,21547.55,24445.16,11.85,True,2023-08-11,23.09
PRD00235,Earbuds Pro,Electronics,Consumer Electronics,Brand38,SUP194,7273.17,8300.71,12.38,True,2018-02-06,4.72
PRD00236,Earbuds Plus,Electronics,Consumer Electronics,Brand40,SUP043,12324.22,13653.61,9.74,True,2023-08-08,6.93
PRD00237,Earbuds Pro,ELECTRONICS,Consumer Electronics,Brand48,SUP103,7478.33,8200.84,8.81,True,2020-05-23,10.04
PRD00238,Earbuds Premium,Electronics,Consumer Electronics,Brand32,SUP087,2388.83,2624.27,8.97,True,2022-05-25,21.29
PRD00239,Earbuds Max,Electronics,Consumer Electronics,Brand03,SUP172,21236.22,23430.73,9.37,True,2023-02-17,19.02
PRD00240,Earbuds Plus,Electronics,Consumer Electronics,Brand47,SUP022,4548.2,5208.96,12.69,True,2022-01-24,13.23
PRD00241,Bluetooth Speaker,Electronics,Consumer Electronics,Brand38,SUP125,18835.07,21630.37,12.92,True,2019-12-07,12.62
PRD00242,Bluetooth Speaker Premium,Electronics,Consumer Electronics,Brand20,SUP167,13284.79,15010.36,11.5,True,2022-10-07,18.44
PRD00243,Bluetooth Speaker Premium,Electronics,Consumer Electronics,Brand10,SUP068,17287.0,19453.88,11.14,True,2022-01-20,22.95
PRD00244,Bluetooth Speaker Lite,Electronics,Consumer Electronics,Brand32,SUP132,24383.49,27126.62,10.11,True,2020-03-03,10.37
PRD00245,Bluetooth Speaker Max,Electronics,Consumer Electronics,Brand40,SUP121,21865.62,24215.57,9.7,True,2020-06-24,7.6
PRD00246,Bluetooth Speaker Elite,Electronics,Consumer Electronics,Brand31,SUP059,19424.23,21587.55,10.02,True,2021-12-01,5.58
PRD00247,Bluetooth Speaker Eco,Electronics,Consumer Electronics,Brand25,SUP095,18073.7,20394.87,11.38,True,2018-10-24,0.87
PRD00248,Bluetooth Speaker Premium,Electronics,Consumer Electronics,Brand03,SUP072,10762.41,12466.72,13.67,True,2022-07-24,18.68
PRD00249,Bluetooth Speaker Max,electronics,Consumer Electronics,Brand27,SUP082,22101.22,24366.19,9.3,True,2022-10-07,0.78
PRD00250,Bluetooth Speaker Pro,Electronics,Consumer Electronics,Brand32,SUP075,23788.59,27112.63,12.26,True,2022-02-13,11.29
PRD00251,Bluetooth Speaker Pro,Electronics,Consumer Electronics,Brand45,SUP168,16417.18,18082.43,9.21,True,2022-12-16,3.61
PRD00252,Bluetooth Speaker Classic,Electronics,Consumer Electronics,Brand47,SUP166,24109.12,27845.21,13.42,True,2019-04-06,2.34
PRD00253,Keyboard,Electronics,IT Accessories,Brand50,SUP018,4358.56,4759.7,8.43,True,2018-07-23,14.55
PRD00254,Keyboard Lite,Electronics,IT Accessories,Brand45,SUP062,19522.12,22130.28,11.79,True,2021-12-20,11.24
PRD00255,Keyboard Pro,Electronics,IT Accessories,Brand09,SUP085,9595.03,10757.47,10.81,True,2022-06-05,6.23
PRD00256,Keyboard Select,Electronics,IT Accessories,Brand35,SUP130,21089.98,23428.42,9.98,True,2023-11-21,7.76
PRD00257,Keyboard Eco,Electronics,IT Accessories,Brand46,SUP023,6595.22,7505.95,12.13,True,2019-03-08,13.9
PRD00258,Keyboard Plus,Electronics,IT Accessories,Brand32,SUP185,15986.65,18097.14,11.66,True,2018-08-19,17.1
PRD00259,Keyboard Pro,Electronics,IT Accessories,Brand21,SUP088,3291.59,3685.21,10.68,True,2018-04-12,18.6
PRD00260,Keyboard Max,Electronics,IT Accessories,Brand28,SUP008,7068.91,8123.18,12.98,True,2022-07-14,15.53
PRD00261,Keyboard Select,Electronics,IT Accessories,Brand27,SUP129,23080.72,25919.09,10.95,True,2021-02-02,12.94
PRD00262,Keyboard Lite,Electronics,IT Accessories,Brand25,SUP112,12735.89,14728.7,13.53,True,2020-07-13,4.6
PRD00263,Keyboard Eco,Electronics,IT Accessories,Brand01,SUP130,6602.03,7220.95,8.57,True,2020-07-20,0.9
PRD00264,Keyboard Pro,Electronics,IT Accessories,Brand48,SUP194,14784.35,16233.28,8.93,True,2019-03-09,16.07
PRD00265,Mouse,Electronics,IT Accessories,Brand12,SUP050,11129.09,12727.38,12.56,True,2023-02-21,21.26
PRD00266,Mouse Classic,Electronics,IT Accessories,Brand15,SUP070,24722.85,27270.96,9.34,True,2019-08-16,24.84
PRD00267,Mouse Lite,ELECTRONICS,IT Accessories,Brand32,SUP145,24524.69,27605.66,11.16,True,2023-04-06,13.26
PRD00268,Mouse Select,Electronics,IT Accessories,Brand22,SUP049,20876.0,23149.05,9.82,True,2023-12-25,19.98
PRD00269,Mouse Eco,Electronics,IT Accessories,Brand28,SUP017,7812.1,8672.89,9.93,True,2021-07-18,10.27
PRD00270,Mouse Lite,Electronics,IT Accessories,Brand17,SUP106,18937.11,21041.54,10.0,True,2018-07-23,11.21
PRD00271,Mouse Select,Electronics,IT Accessories,Brand28,SUP036,6855.84,7840.27,12.56,True,2018-02-05,16.43
PRD00272,Mouse Pro,Electronics,IT Accessories,Brand03,SUP185,7948.84,8676.8,8.39,False,2021-01-23,3.97
PRD00273,Mouse Classic,Electronics,IT Accessories,Brand23,SUP077,15632.17,17498.98,10.67,True,2018-08-25,0.37
PRD00274,Mouse Lite,Electronics,IT Accessories,Brand28,SUP137,5714.15,6600.11,13.42,True,2018-10-18,18.15
PRD00275,Mouse Premium,Electronics,IT Accessories,Brand25,SUP112,15466.72,17925.96,13.72,True,2019-10-10,5.69
PRD00276,Mouse Max,Electronics,IT Accessories,Brand36,SUP072,2640.2,2937.25,10.11,True,2018-07-18,15.3
PRD00277,USB Hub,Electronics,IT Accessories,Brand36,SUP010,19573.83,22463.31,12.86,True,2018-08-17,6.21
PRD00278,USB Hub Eco,Electronics,IT Accessories,Brand23,SUP033,2561.14,2825.04,9.34,True,2020-02-23,23.15
PRD00279,USB Hub Max,Electronics,IT Accessories,Brand01,SUP061,6241.25,7221.78,13.58,True,2023-07-01,19.1
PRD00280,USB Hub Elite,Electronics,IT Accessories,Brand49,SUP039,24059.42,27793.61,13.44,True,2021-01-23,15.38
PRD00281,USB Hub Eco,Electronics,IT Accessories,Brand29,SUP101,15821.52,17678.37,10.5,True,2018-09-03,18.27
PRD00282,USB Hub Classic,Electronics,IT Accessories,Brand26,SUP109,21250.07,23832.25,10.83,True,2019-02-20,9.29
PRD00283,USB Hub Classic,Electronics,IT Accessories,Brand24,SUP119,5626.16,6204.24,9.32,True,2023-02-06,21.5
PRD00284,USB Hub Premium,Electronics,IT Accessories,Brand13,SUP118,10339.8,11899.92,13.11,True,2021-02-07,17.35
PRD00285,USB Hub Max,Electronics,IT Accessories,Brand05,SUP135,24455.97,26846.25,8.9,True,2022-04-02,11.94
PRD00286,USB Hub Max,Electronics,IT Accessories,Brand17,SUP006,19043.64,21091.81,9.71,True,2023-04-23,11.22
PRD00287,USB Hub Plus,Electronics,IT Accessories,Brand06,SUP071,23660.2,26857.53,11.9,True,2023-04-04,3.9
PRD00288,USB Hub Max,Electronics,IT Accessories,Brand15,SUP091,17508.6,19090.07,8.28,True,2018-09-12,13.09
PRD00289,Pen Drive,Electronics,IT Accessories,Brand31,SUP062,8055.57,8774.39,8.19,True,2020-10-03,0.44
PRD00290,Pen Drive Elite,Electronics,IT Accessories,Brand20,SUP153,7329.22,8211.03,10.74,True,2022-11-15,14.88
PRD00291,Pen Drive Classic,Electronics,IT Accessories,Brand18,SUP171,2080.94,2340.52,11.09,True,2020-02-22,23.57
PRD00292,Pen Drive Elite,Electronics,IT Accessories,Brand39,SUP181,2091.08,2365.7,11.61,True,2019-07-18,23.24
PRD00293,Pen Drive Lite,Electronics,IT Accessories,Brand23,SUP192,24309.79,26496.86,8.25,True,2021-10-10,24.69
PRD00294,Pen Drive Pro,Electronics,IT Accessories,Brand43,SUP103,1951.14,2185.3,10.72,True,2019-02-27,11.92
PRD00295,Pen Drive Classic,Electronics,IT Accessories,Brand48,SUP198,4609.1,5026.85,8.31,True,2019-01-03,10.65
PRD00296,Pen Drive Select,Electronics,IT Accessories,Brand49,SUP195,23130.2,25993.22,11.01,True,2019-09-24,11.26
PRD00297,Pen Drive Premium,Electronics,IT Accessories,Brand20,SUP066,8052.12,9269.47,13.13,True,2021-03-06,7.6
PRD00298,Pen Drive Eco,Electronics,IT Accessories,Brand11,SUP143,2295.04,2560.03,10.35,True,2022-07-19,6.66
PRD00299,Pen Drive Elite,Electronics,IT Accessories,Brand36,SUP093,9807.17,10908.15,10.09,True,2020-02-24,14.34
PRD00300,Pen Drive Lite,Electronics,IT Accessories,Brand18,SUP149,6530.53,7541.08,13.4,True,2018-07-04,6.04
PRD00301,External Hard Drive,Electronics,IT Accessories,Brand41,SUP182,18889.29,20708.42,8.78,True,2023-02-20,17.87
PRD00302,External Hard Drive Max,Electronics,IT Accessories,Brand09,SUP023,24583.32,27329.75,10.05,True,2021-10-05,15.37
PRD00303,External Hard Drive Eco,Electronics,IT Accessories,Brand14,SUP052,1902.34,2200.92,13.57,True,2018-10-07,6.92
PRD00304,External Hard Drive Elite,Electronics,IT Accessories,Brand10,SUP183,2335.37,2585.55,9.68,True,2020-12-10,8.27
PRD00305,External Hard Drive Elite,Electronics,IT Accessories,Brand11,SUP059,3654.52,3978.84,8.15,True,2022-05-26,12.66
PRD00306,External Hard Drive Pro,Electronics,IT Accessories,Brand39,SUP014,13900.02,15425.18,9.89,True,2022-06-25,10.92
PRD00307,External Hard Drive Classic,Electronics,IT Accessories,Brand16,SUP014,19347.34,22197.09,12.84,True,2023-12-27,19.28
PRD00308,External Hard Drive Plus,Electronics,IT Accessories,Brand02,SUP134,3736.55,4243.06,11.94,True,2022-10-17,21.44
PRD00309,External Hard Drive Select,Electronics,IT Accessories,Brand21,SUP171,3843.45,4254.22,9.66,True,2018-06-08,9.88
PRD00310,External Hard Drive Plus,Electronics,IT Accessories,Brand14,SUP173,11426.75,13176.07,13.28,True,2023-10-09,12.61
PRD00311,External Hard Drive Lite,Electronics,IT Accessories,Brand26,SUP010,11256.2,12443.87,9.54,True,2018-08-16,10.39
PRD00312,External Hard Drive Classic,Electronics,IT Accessories,Brand49,SUP002,20669.17,22849.04,9.54,True,2022-07-23,3.64
PRD00313,Webcam,Electronics,IT Accessories,Brand41,SUP061,13775.71,15141.45,9.02,True,2021-02-26,2.97
PRD00314,Webcam Elite,Electronics,IT Accessories,Brand03,SUP068,14642.51,16701.13,12.33,True,2021-01-02,12.85
PRD00315,Webcam Lite,Electronics,IT Accessories,Brand06,SUP080,7567.06,8596.74,11.98,True,2023-04-06,8.15
PRD00316,Webcam Max,Electronics,IT Accessories,Brand23,SUP095,15193.44,17325.99,12.31,True,2018-09-27,11.44
PRD00317,Webcam Classic,Electronics,IT Accessories,Brand47,SUP185,21795.92,24460.74,10.89,True,2018-08-26,23.69
PRD00318,Webcam Classic,Electronics,IT Accessories,Brand23,SUP148,8868.58,9868.34,10.13,True,2020-07-25,6.41
PRD00319,Webcam Eco,Electronics,IT Accessories,Brand02,SUP024,17919.69,19563.61,8.4,True,2021-08-18,2.44
PRD00320,Webcam Lite,Electronics,IT Accessories,Brand44,SUP098,23587.81,26954.75,12.49,True,2018-12-10,13.48
PRD00321,Webcam Max,Electronics,IT Accessories,Brand19,SUP109,8454.93,9226.63,8.36,True,2019-03-06,6.62
PRD00322,Webcam Elite,Electronics,IT Accessories,Brand18,SUP139,16104.62,17959.66,10.33,True,2021-01-11,14.73
PRD00323,Webcam Plus,Electronics,IT Accessories,Brand46,SUP183,23966.75,26968.9,11.13,True,2022-09-12,17.49
PRD00324,Webcam Pro,Electronics,IT Accessories,Brand05,SUP089,24442.05,27386.13,10.75,True,2021-09-21,12.74
PRD00325,Laptop Bag,Electronics,IT Accessories,Brand32,SUP186,18340.52,21133.57,13.22,True,2021-08-23,21.74
PRD00326,Laptop Bag Classic,Electronics,IT Accessories,Brand11,SUP032,2419.27,2728.62,11.34,True,2023-06-12,4.78
PRD00327,Laptop Bag Elite,Electronics,IT Accessories,Brand11,SUP139,9431.87,10745.22,12.22,True,2018-09-21,5.07
PRD00328,Laptop Bag Plus,Electronics,IT Accessories,Brand36,SUP118,8349.32,9689.63,13.83,True,2021-08-09,1.08
PRD00329,Laptop Bag Select,Electronics,IT Accessories,Brand01,SUP192,18457.57,20119.23,8.26,True,2022-04-21,11.84
PRD00330,Laptop Bag Pro,Electronics,IT Accessories,Brand17,SUP158,12839.1,14364.11,10.62,True,2021-04-17,22.46
PRD00331,Laptop Bag Lite,Electronics,IT Accessories,Brand20,SUP001,24634.34,26914.68,8.47,True,2019-02-08,4.45
PRD00332,Laptop Bag Eco,Electronics,IT Accessories,Brand46,SUP169,19282.46,21660.27,10.98,True,2018-01-11,2.1
PRD00333,Laptop Bag Elite,Electronics,IT Accessories,Brand11,SUP025,7663.76,8902.67,13.92,True,2019-06-14,14.55
PRD00334,Laptop Bag Elite,Electronics,IT Accessories,Brand07,SUP148,10305.84,11840.43,12.96,True,2020-03-24,9.3
PRD00335,Laptop Bag Elite,Electronics,IT Accessories,Brand09,SUP140,14732.5,16086.12,8.41,True,2018-12-08,18.12
PRD00336,Laptop Bag Classic,Electronics,IT Accessories,Brand42,SUP016,3113.78,3586.28,13.18,False,2018-11-02,21.36
PRD00337,Screen Guard,Electronics,IT Accessories,Brand22,SUP058,7014.25,7906.91,11.29,True,2022-01-14,24.73
PRD00338,Screen Guard Select,Electronics,IT Accessories,Brand03,SUP059,5054.25,5808.43,12.98,True,2020-02-18,17.16
PRD00339,Screen Guard Pro,Electronics,IT Accessories,Brand19,SUP070,7677.38,8579.18,10.51,True,2021-06-09,7.71
PRD00340,Screen Guard Pro,Electronics,IT Accessories,Brand08,SUP162,7388.52,8226.86,10.19,True,2023-07-04,17.38
PRD00341,Screen Guard Lite,Electronics,IT Accessories,Brand08,SUP115,21219.67,23427.79,9.43,False,2018-04-21,24.68
PRD00342,Screen Guard Pro,Electronics,IT Accessories,Brand04,SUP170,2615.1,2988.29,12.49,True,2021-11-10,0.37
PRD00343,Screen Guard Select,Electronics,IT Accessories,Brand13,SUP080,15368.51,17859.45,13.95,True,2019-05-15,14.95
PRD00344,Screen Guard Max,Electronics,IT Accessories,Brand45,SUP078,19935.88,22788.67,12.52,True,2022-07-16,7.51
PRD00345,Screen Guard Max,Electronics,IT Accessories,Brand35,SUP182,9217.78,10667.7,13.59,True,2023-03-15,12.23
PRD00346,Screen Guard Select,Electronics,IT Accessories,Brand27,SUP028,4061.38,4483.76,9.42,True,2018-10-04,5.03
PRD00347,Screen Guard Plus,Electronics,IT Accessories,Brand46,SUP186,19311.32,21124.11,8.58,True,2022-01-19,15.83
PRD00348,Screen Guard Select,Electronics,IT Accessories,Brand36,SUP176,19126.57,21976.78,12.97,True,2021-12-19,23.93
PRD00349,Power Bank,Electronics,IT Accessories,Brand22,SUP135,15190.82,17259.56,11.99,True,2022-06-05,5.14
PRD00350,Power Bank Premium,Electronics,IT Accessories,Brand29,SUP012,14076.47,15796.42,10.89,True,2018-11-16,14.67
PRD00351,Power Bank Plus,Electronics,IT Accessories,Brand33,SUP058,16808.71,19170.8,12.32,True,2022-12-15,15.19
PRD00352,Power Bank Premium,Electronics,IT Accessories,Brand27,SUP196,3920.16,4338.33,9.64,True,2023-04-03,14.85
PRD00353,Power Bank Select,Electronics,IT Accessories,Brand42,SUP076,6713.78,7664.49,12.4,True,2021-04-10,11.21
PRD00354,Power Bank Lite,Electronics,IT Accessories,Brand26,SUP053,21600.71,24641.45,12.34,True,2020-10-04,4.91
PRD00355,Power Bank Lite,Electronics,IT Accessories,Brand26,SUP198,10228.16,11847.04,13.66,True,2019-03-10,20.41
PRD00356,Power Bank Premium,Electronics,IT Accessories,Brand41,SUP115,10458.97,11971.58,12.64,True,2018-11-26,10.11
PRD00357,Power Bank Select,Electronics,IT Accessories,Brand45,SUP130,2755.63,3187.17,13.54,True,2021-08-06,20.5
PRD00358,Power Bank Eco,Electronics,IT Accessories,Brand35,SUP155,13130.06,14303.41,8.2,True,2023-09-08,1.43
PRD00359,Power Bank Pro,Electronics,IT Accessories,Brand27,SUP157,23367.64,27052.89,13.62,True,2021-09-12,3.07
PRD00360,Power Bank Elite,Electronics,IT Accessories,Brand42,SUP073,3817.25,4213.13,9.4,True,2018-11-15,5.46
PRD00361,Smartwatch,Electronics,Wearables,Brand19,SUP155,5357.31,6045.25,11.38,True,2021-06-05,22.84
PRD00362,Smartwatch Elite,Electronics,Wearables,Brand32,SUP108,22490.2,25843.24,12.97,True,2021-07-19,0.51
PRD00363,Smartwatch Plus,Electronics,Wearables,Brand40,SUP029,23778.8,26872.84,11.51,False,2020-10-14,12.73
PRD00364,Smartwatch Premium,Electronics,Wearables,Brand13,SUP028,11702.23,13008.01,10.04,True,2021-01-27,4.41
PRD00365,Smartwatch Max,electronics,Wearables,Brand28,SUP049,8983.25,9955.26,9.76,True,2020-10-26,7.2
PRD00366,Smartwatch Elite,Electronics,Wearables,Brand14,SUP052,17629.98,19194.37,8.15,False,2020-10-17,16.99
PRD00367,Smartwatch Classic,Electronics,Wearables,Brand31,SUP065,18880.51,21237.79,11.1,False,2020-09-03,16.41
PRD00368,Smartwatch Eco,Electronics,Wearables,Brand28,SUP129,24646.99,26817.85,8.09,True,2022-05-15,15.54
PRD00369,Smartwatch Select,Electronics,Wearables,Brand07,SUP028,17721.6,20405.73,13.15,False,2023-04-23,2.01
PRD00370,Smartwatch Eco,Electronics,Wearables,Brand23,SUP174,6085.51,6616.37,8.02,True,2020-03-13,10.12
PRD00371,Smartwatch Premium,Electronics,Wearables,Brand33,SUP173,19365.54,22351.42,13.36,True,2018-09-25,2.31
PRD00372,Smartwatch Eco,Electronics,Wearables,Brand48,SUP088,11003.88,12744.09,13.66,True,2020-07-13,18.86
PRD00373,Fitness Band,Electronics,Wearables,Brand31,SUP161,2306.9,2531.3,8.86,True,2019-01-10,22.18
PRD00374,Fitness Band Elite,Electronics,Wearables,Brand39,SUP018,20561.34,23091.48,10.96,True,2019-04-06,21.54
PRD00375,Fitness Band Lite,Electronics,Wearables,Brand44,SUP182,20649.59,23848.34,13.41,True,2023-08-26,14.32
PRD00376,Fitness Band Lite,Electronics,Wearables,Brand18,SUP012,11366.32,12823.34,11.36,True,2019-12-03,12.46
PRD00377,Fitness Band Classic,Electronics,Wearables,Brand27,SUP037,22148.88,25106.68,11.78,True,2020-08-06,20.59
PRD00378,Fitness Band Premium,ELECTRONICS,Wearables,Brand38,SUP199,6172.53,7038.21,12.3,True,2021-04-08,22.05
PRD00379,Fitness Band Pro,Electronics,Wearables,Brand34,SUP034,18479.09,21189.79,12.79,True,2023-03-12,20.37
PRD00380,Fitness Band Select,Electronics,Wearables,Brand47,SUP042,18830.64,21091.01,10.72,True,2020-07-03,5.72
PRD00381,Fitness Band Select,Electronics,Wearables,Brand20,SUP114,21058.13,23496.95,10.38,True,2019-07-22,22.39
PRD00382,Fitness Band Lite,Electronics,Wearables,Brand24,SUP061,3199.9,3613.62,11.45,True,2021-04-11,11.85
PRD00383,Fitness Band Plus,Electronics,Wearables,Brand24,SUP157,15062.83,16925.65,11.01,True,2022-01-10,20.03
PRD00384,Fitness Band Pro,Electronics,Wearables,Brand30,SUP134,21358.35,23450.34,8.92,True,2019-05-07,16.82
PRD00385,Wireless Earphones,Electronics,Wearables,Brand48,SUP078,7487.51,8419.26,11.07,True,2020-03-27,21.88
PRD00386,Wireless Earphones Max,Electronics,Wearables,Brand02,SUP189,5418.95,6222.81,12.92,True,2020-11-19,13.37
PRD00387,Wireless Earphones Eco,Electronics,Wearables,Brand36,SUP005,10563.75,12124.65,12.87,True,2020-04-07,4.34
PRD00388,Wireless Earphones Pro,Electronics,Wearables,Brand13,SUP061,16471.98,19116.11,13.83,True,2019-01-24,5.74
PRD00389,Wireless Earphones Lite,Electronics,Wearables,Brand01,SUP085,13236.16,15381.09,13.95,True,2021-12-22,8.95
PRD00390,Wireless Earphones Elite,Electronics,Wearables,Brand38,SUP169,11084.66,12181.97,9.01,True,2022-02-11,22.33
PRD00391,Wireless Earphones Plus,Electronics,Wearables,Brand28,SUP007,1637.74,1815.53,9.79,True,2020-08-13,4.62
PRD00392,Wireless Earphones Pro,Electronics,Wearables,Brand29,SUP198,13849.06,15780.64,12.24,True,2018-07-05,19.14
PRD00393,Wireless Earphones Plus,Electronics,Wearables,Brand11,SUP155,9931.1,11375.38,12.7,True,2019-12-01,5.71
PRD00394,Wireless Earphones Pro,Electronics,Wearables,Brand05,SUP114,18353.98,21102.42,13.02,True,2023-11-24,17.49
PRD00395,Wireless Earphones Lite,Electronics,Wearables,Brand33,SUP151,17198.5,19356.9,11.15,True,2023-08-09,1.9
PRD00396,Wireless Earphones Pro,Electronics,Wearables,Brand34,SUP012,23470.86,26274.8,10.67,True,2023-04-05,20.01
PRD00397,VR Headset,Electronics,Wearables,Brand38,SUP121,22141.03,24143.29,8.29,True,2020-07-14,6.57
PRD00398,VR Headset Premium,Electronics,Wearables,Brand06,SUP019,4708.76,5157.55,8.7,True,2021-04-06,17.33
PRD00399,VR Headset Eco,Electronics,Wearables,Brand47,SUP091,17492.74,19706.8,11.24,True,2020-09-03,18.52
PRD00400,VR Headset Pro,Electronics,Wearables,Brand29,SUP106,24482.27,28166.31,13.08,True,2021-07-19,19.28
PRD00401,VR Headset Eco,Electronics,Wearables,Brand04,SUP091,24708.95,27748.77,10.95,True,2021-04-07,8.29
PRD00402,VR Headset Select,Electronics,Wearables,Brand09,SUP005,18516.62,20370.96,9.1,True,2018-03-19,1.09
PRD00403,VR Headset Max,Electronics,Wearables,Brand15,SUP154,2230.67,2516.32,11.35,True,2021-02-25,7.27
PRD00404,VR Headset Premium,Electronics,Wearables,Brand48,SUP195,17314.19,18886.35,8.32,True,2023-01-13,5.58
PRD00405,VR Headset Plus,Electronics,Wearables,Brand12,SUP173,20405.07,23298.28,12.42,True,2020-03-23,17.13
PRD00406,VR Headset Max,Electronics,Wearables,Brand14,SUP105,16480.41,18706.26,11.9,False,2020-03-22,10.88
PRD00407,VR Headset Classic,Electronics,Wearables,Brand11,SUP075,11731.17,12958.63,9.47,True,2021-08-02,19.21
PRD00408,VR Headset Elite,Electronics,Wearables,Brand22,SUP063,10299.68,11479.98,10.28,True,2022-07-21,23.49
PRD00409,Formal Shirt,Apparel,Men's Clothing,Brand38,SUP002,3150.6,5630.45,44.04,True,2020-09-15,8.01
PRD00410,Formal Shirt Premium,Apparel,Men's Clothing,Brand07,SUP169,648.6,1154.26,43.81,True,2020-04-26,1.0
PRD00411,Formal Shirt Pro,Apparel,Men's Clothing,Brand02,SUP087,2973.46,5348.75,44.41,True,2019-11-06,6.94
PRD00412,Formal Shirt Max,Apparel,Men's Clothing,Brand01,SUP025,1983.87,3633.9,45.41,True,2018-04-15,8.29
PRD00413,Formal Shirt Lite,Apparel,Men's Clothing,Brand02,SUP099,2645.05,4491.17,41.11,True,2023-09-04,3.75
PRD00414,Formal Shirt Eco,Apparel,Men's Clothing,Brand31,SUP109,4590.84,8604.69,46.65,True,2023-05-27,5.18
PRD00415,Formal Shirt Plus,Apparel,Men's Clothing,Brand20,SUP088,2980.71,5311.43,43.88,True,2023-06-27,9.54
PRD00416,Formal Shirt Eco,Apparel,Men's Clothing,Brand03,SUP082,3096.24,6390.68,51.55,True,2023-08-20,3.81
PRD00417,Formal Shirt Plus,Apparel,Men's Clothing,Brand23,SUP067,2577.58,4903.06,47.43,True,2018-04-24,0.96
PRD00418,Formal Shirt Max,Apparel,Men's Clothing,Brand01,SUP175,3366.34,7011.96,51.99,True,2018-08-02,14.79
PRD00419,Formal Shirt Max,Apparel,Men's Clothing,Brand19,SUP069,3254.58,6053.24,46.23,True,2022-07-06,14.12
PRD00420,Formal Shirt Premium,Apparel,Men's Clothing,Brand24,SUP148,4144.17,7869.03,47.34,True,2019-11-07,0.38
PRD00421,Casual T-Shirt,Apparel,Men's Clothing,Brand41,SUP199,4614.88,7837.07,41.11,True,2019-09-12,8.18
PRD00422,Casual T-Shirt Eco,Apparel,Men's Clothing,Brand44,SUP187,3768.59,7755.53,51.41,True,2018-03-04,22.84
PRD00423,Casual T-Shirt Classic,Apparel,Men's Clothing,Brand08,SUP105,2507.86,4377.43,42.71,True,2018-09-25,19.95
PRD00424,Casual T-Shirt Classic,Apparel,Men's Clothing,Brand30,SUP023,4539.22,7491.78,39.41,True,2019-05-09,7.16
PRD00425,Casual T-Shirt Elite,Apparel,Men's Clothing,Brand24,SUP040,2759.43,4642.88,40.57,True,2021-04-26,12.69
PRD00426,Casual T-Shirt Classic,Apparel,Men's Clothing,Brand36,SUP044,3863.78,7311.49,47.15,True,2022-03-17,7.03
PRD00427,Casual T-Shirt Plus,Apparel,Men's Clothing,Brand04,SUP150,627.3,1172.25,46.49,True,2019-12-15,4.09
PRD00428,Casual T-Shirt Select,Apparel,Men's Clothing,Brand42,SUP029,2923.78,5741.02,49.07,True,2019-11-16,11.87
PRD00429,Casual T-Shirt Premium,Apparel,Men's Clothing,Brand49,SUP151,3124.74,5290.9,40.94,True,2018-08-17,6.2
PRD00430,Casual T-Shirt Lite,Apparel,Men's Clothing,Brand39,SUP132,3531.81,5807.25,39.18,True,2021-04-03,18.8
PRD00431,Casual T-Shirt Max,Apparel,Men's Clothing,Brand39,SUP090,1496.75,3020.7,50.45,True,2022-11-20,23.71
PRD00432,Casual T-Shirt Lite,Apparel,Men's Clothing,Brand12,SUP080,591.56,1029.99,42.57,True,2020-08-13,14.31
PRD00433,Trousers,Apparel,Men's Clothing,Brand14,SUP170,1592.13,2652.58,39.98,True,2023-08-11,19.77
PRD00434,Trousers Lite,Apparel,Men's Clothing,Brand12,SUP030,469.74,803.72,41.55,True,2023-09-17,0.22
PRD00435,Trousers Select,Apparel,Men's Clothing,Brand19,SUP048,1008.47,1899.1,46.9,True,2023-06-13,18.76
PRD00436,Trousers Elite,Apparel,Men's Clothing,Brand33,SUP137,4564.44,8217.37,44.45,True,2023-03-24,2.53
PRD00437,Trousers Eco,Apparel,Men's Clothing,Brand31,SUP173,3094.77,6063.39,48.96,True,2020-03-05,5.47
PRD00438,Trousers Premium,Apparel,Men's Clothing,Brand23,SUP028,1393.2,2597.75,46.37,True,2019-04-11,11.21
PRD00439,Trousers Plus,Apparel,Men's Clothing,Brand37,SUP014,2021.61,3400.36,40.55,False,2020-07-27,20.41
PRD00440,Trousers Pro,Apparel,Men's Clothing,Brand46,SUP132,3432.4,6887.84,50.17,True,2020-02-17,6.76
PRD00441,Trousers Elite,Apparel,Men's Clothing,Brand33,SUP061,1177.68,1949.63,39.59,True,2022-07-09,5.21
PRD00442,Trousers Premium,Apparel,Men's Clothing,Brand46,SUP079,2219.0,4083.2,45.66,True,2023-03-23,24.12
PRD00443,Trousers Elite,Apparel,Men's Clothing,Brand05,SUP065,2272.42,3704.91,38.66,True,2020-02-05,23.83
PRD00444,Trousers Classic,Apparel,Men's Clothing,Brand39,SUP059,1058.41,2179.2,51.43,True,2021-07-09,16.2
PRD00445,Jeans,Apparel,Men's Clothing,Brand16,SUP137,1019.18,2085.4,51.13,True,2019-08-18,11.34
PRD00446,Jeans Classic,Apparel,Men's Clothing,Brand34,SUP163,3022.85,5057.72,40.23,True,2019-08-05,8.38
PRD00447,Jeans Pro,Apparel,Men's Clothing,Brand10,SUP137,1668.97,2999.51,44.36,True,2019-04-04,17.25
PRD00448,Jeans Elite,Apparel,Men's Clothing,Brand46,SUP108,4423.04,7894.78,43.98,False,2018-04-20,19.05
PRD00449,Jeans Pro,Apparel,Men's Clothing,Brand39,SUP008,3969.55,6485.71,38.8,True,2020-08-05,24.9
PRD00450,Jeans Lite,Apparel,Men's Clothing,Brand32,SUP007,466.17,924.54,49.58,True,2022-02-24,4.68
PRD00451,Jeans Elite,Apparel,Men's Clothing,Brand18,SUP162,183.71,342.61,46.38,True,2018-06-09,1.85
PRD00452,Jeans Max,Apparel,Men's Clothing,Brand16,SUP156,435.82,886.25,50.82,True,2023-12-04,17.9
PRD00453,Jeans Elite,Apparel,Men's Clothing,Brand05,SUP014,2880.62,5504.62,47.67,True,2019-10-17,24.67
PRD00454,Jeans Eco,Apparel,Men's Clothing,Brand50,SUP096,3200.57,6149.11,47.95,False,2022-02-24,9.18
PRD00455,Jeans Eco,Apparel,Men's Clothing,Brand47,SUP152,199.61,363.6,45.1,True,2019-10-05,1.54
PRD00456,Jeans Plus,Apparel,Men's Clothing,Brand44,SUP029,542.05,1045.99,48.18,True,2018-04-06,0.77
PRD00457,Kurta,Apparel,Men's Clothing,Brand33,SUP152,2667.67,5110.37,47.8,True,2020-07-03,3.94
PRD00458,Kurta Elite,Apparel,Men's Clothing,Brand47,SUP163,4368.42,8508.99,48.66,True,2023-07-26,10.48
PRD00459,Kurta Plus,Apparel,Men's Clothing,Brand06,SUP197,196.26,321.08,38.88,True,2018-03-19,19.79
PRD00460,Kurta Premium,Apparel,Men's Clothing,Brand38,SUP051,2833.01,4725.63,40.05,False,2020-10-08,8.33
PRD00461,Kurta Pro,Apparel,Men's Clothing,Brand38,SUP058,1412.73,2790.09,49.37,True,2022-10-22,16.96
PRD00462,Kurta Lite,Apparel,Men's Clothing,Brand25,SUP034,1055.8,1994.83,47.07,True,2020-02-14,2.59
PRD00463,Kurta Max,apparel,Men's Clothing,Brand48,SUP049,918.32,1526.86,39.86,True,2019-09-09,22.47
PRD00464,Kurta Premium,Apparel,Men's Clothing,Brand15,SUP027,2710.53,5516.86,50.87,True,2018-04-10,20.07
PRD00465,Kurta Plus,Apparel,Men's Clothing,Brand49,SUP103,4133.01,7462.47,44.62,True,2021-12-14,1.03
PRD00466,Kurta Premium,Apparel,Men's Clothing,Brand16,SUP055,3793.99,6262.79,39.42,False,2021-01-03,17.43
PRD00467,Kurta Premium,Apparel,Men's Clothing,Brand17,SUP013,502.64,908.59,44.68,True,2019-12-21,23.79
PRD00468,Kurta Elite,Apparel,Men's Clothing,Brand30,SUP035,810.11,1668.11,51.44,True,2021-07-20,20.51
PRD00469,Jacket,Apparel,Men's Clothing,Brand17,SUP191,2353.19,4315.17,45.47,True,2018-06-01,6.96
PRD00470,Jacket Premium,Apparel,Men's Clothing,Brand32,SUP007,603.56,1017.3,40.67,True,2021-01-03,10.89
PRD00471,Jacket Classic,Apparel,Men's Clothing,Brand29,SUP110,1765.59,3401.02,48.09,True,2020-01-27,18.93
PRD00472,Jacket Plus,apparel,Men's Clothing,Brand02,SUP028,2413.92,4365.86,44.71,True,2023-06-07,24.99
PRD00473,Jacket Select,Apparel,Men's Clothing,Brand04,SUP042,3410.51,5560.29,38.66,True,2018-04-02,23.34
PRD00474,Jacket Premium,Apparel,Men's Clothing,Brand31,SUP088,4391.39,8079.06,45.64,True,2019-03-20,2.63
PRD00475,Jacket Elite,Apparel,Men's Clothing,Brand01,SUP195,564.58,979.44,42.36,True,2020-02-22,15.15
PRD00476,Jacket Pro,Apparel,Men's Clothing,Brand43,SUP178,3986.7,7080.04,43.69,True,2021-01-26,6.95
PRD00477,Jacket Max,Apparel,Men's Clothing,Brand19,SUP038,297.78,508.13,41.4,True,2020-07-24,7.38
PRD00478,Jacket Classic,APPAREL,Men's Clothing,Brand42,SUP075,2520.86,4404.17,42.76,True,2018-09-14,16.83
PRD00479,Jacket Premium,Apparel,Men's Clothing,Brand39,SUP066,3755.89,6988.32,46.25,False,2020-07-04,1.06
PRD00480,Jacket Elite,Apparel,Men's Clothing,Brand18,SUP113,1658.6,3012.18,44.94,True,2021-07-19,16.71
PRD00481,Suit & Blazer,Apparel,Men's Clothing,Brand30,SUP173,1609.7,2816.48,42.85,True,2021-09-09,17.38
PRD00482,Suit & Blazer Lite,Apparel,Men's Clothing,Brand23,SUP001,3090.11,5140.82,39.89,False,2023-11-24,4.16
PRD00483,Suit & Blazer Eco,Apparel,Men's Clothing,Brand01,SUP132,2460.08,4388.35,43.94,True,2023-04-26,7.24
PRD00484,Suit & Blazer Eco,Apparel,Men's Clothing,Brand28,SUP104,4073.91,8299.44,50.91,True,2019-12-15,23.62
PRD00485,Suit & Blazer Premium,Apparel,Men's Clothing,Brand07,SUP080,2154.53,3699.35,41.76,True,2022-08-01,18.54
PRD00486,Suit & Blazer Classic,Apparel,Men's Clothing,Brand06,SUP016,4346.55,7130.98,39.05,True,2022-11-02,20.88
PRD00487,Suit & Blazer Pro,Apparel,Men's Clothing,Brand44,SUP164,2532.79,5137.58,50.7,True,2022-05-07,12.7
PRD00488,Suit & Blazer Select,Apparel,Men's Clothing,Brand07,SUP109,633.15,1199.69,47.22,True,2021-06-09,5.88
PRD00489,Suit & Blazer Classic,Apparel,Men's Clothing,Brand03,SUP013,2967.04,5819.44,49.02,True,2023-06-10,16.51
PRD00490,Suit & Blazer Lite,Apparel,Men's Clothing,Brand27,SUP136,1989.75,3325.04,40.16,True,2018-09-25,20.56
PRD00491,Suit & Blazer Select,Apparel,Men's Clothing,Brand50,SUP090,2708.56,4997.93,45.81,True,2019-02-16,8.29
PRD00492,Suit & Blazer Eco,Apparel,Men's Clothing,Brand30,SUP064,1628.91,2631.48,38.1,True,2019-01-02,9.17
PRD00493,Shorts,Apparel,Men's Clothing,Brand34,SUP140,4130.97,7211.06,42.71,True,2022-12-23,17.33
PRD00494,Shorts Pro,Apparel,Men's Clothing,Brand02,SUP032,2693.79,4345.8,38.01,True,2023-04-26,22.57
PRD00495,Shorts Elite,Apparel,Men's Clothing,Brand23,SUP095,271.89,534.02,49.09,False,2022-05-08,18.81
PRD00496,Shorts Lite,Apparel,Men's Clothing,Brand16,SUP097,3744.63,7022.41,46.68,True,2019-10-12,11.23
PRD00497,Shorts Lite,APPAREL,Men's Clothing,Brand28,SUP138,2662.74,4732.33,43.73,True,2020-06-25,23.31
PRD00498,Shorts Lite,Apparel,Men's Clothing,Brand36,SUP017,2716.51,4867.43,44.19,True,2023-07-19,18.77
PRD00499,Shorts Premium,Apparel,Men's Clothing,Brand11,SUP124,3220.39,6246.62,48.45,True,2020-12-01,21.41
PRD00500,Shorts Eco,Apparel,Men's Clothing,Brand41,SUP047,2922.06,4854.56,39.81,True,2022-05-11,21.37
PRD00501,Shorts Lite,Apparel,Men's Clothing,Brand01,SUP123,2041.05,3778.82,45.99,True,2021-01-16,12.46
PRD00502,Shorts Max,Apparel,Men's Clothing,Brand14,SUP104,3820.66,7282.89,47.54,True,2023-02-27,24.28
PRD00503,Shorts Select,Apparel,Men's Clothing,Brand31,SUP170,4310.5,8382.14,48.58,True,2019-10-21,13.07
PRD00504,Shorts Eco,Apparel,Men's Clothing,Brand20,SUP160,4082.73,6752.24,39.54,True,2021-09-03,3.92
PRD00505,Saree,Apparel,Women's Clothing,Brand03,SUP196,3945.09,7144.49,44.78,True,2018-01-05,17.66
PRD00506,Saree Classic,Apparel,Women's Clothing,Brand30,SUP163,3754.98,6385.6,41.2,True,2018-05-24,13.65
PRD00507,Saree Plus,Apparel,Women's Clothing,Brand17,SUP131,4162.07,7072.75,41.15,True,2020-12-27,2.95
PRD00508,Saree Eco,Apparel,Women's Clothing,Brand28,SUP057,4009.58,8033.87,50.09,True,2020-04-08,20.0
PRD00509,Saree Max,Apparel,Women's Clothing,Brand32,SUP086,2419.76,4934.44,50.96,True,2021-08-14,22.62
PRD00510,Saree Elite,Apparel,Women's Clothing,Brand41,SUP158,1009.08,2086.03,51.63,True,2023-07-23,7.74
PRD00511,Saree Elite,Apparel,Women's Clothing,Brand16,SUP178,3604.96,6004.89,39.97,True,2020-08-11,20.52
PRD00512,Saree Plus,Apparel,Women's Clothing,Brand04,SUP010,1333.76,2586.51,48.43,True,2022-08-11,18.09
PRD00513,Saree Select,Apparel,Women's Clothing,Brand20,SUP023,4293.55,8453.53,49.21,True,2020-05-08,20.12
PRD00514,Saree Max,Apparel,Women's Clothing,Brand05,SUP053,1654.68,3262.63,49.28,True,2018-07-24,22.08
PRD00515,Saree Classic,Apparel,Women's Clothing,Brand15,SUP053,4456.0,7976.58,44.14,True,2018-12-06,23.4
PRD00516,Saree Elite,Apparel,Women's Clothing,Brand13,SUP123,197.99,330.01,40.0,True,2019-05-18,8.26
PRD00517,Salwar Kameez,Apparel,Women's Clothing,Brand31,SUP115,2944.53,5944.18,50.46,True,2022-05-05,8.08
PRD00518,Salwar Kameez Elite,Apparel,Women's Clothing,Brand14,SUP146,4514.45,8470.74,46.71,True,2020-05-19,14.06
PRD00519,Salwar Kameez Select,APPAREL,Women's Clothing,Brand33,SUP029,4158.81,7908.61,47.41,True,2019-10-27,15.01
PRD00520,Salwar Kameez Elite,Apparel,Women's Clothing,Brand04,SUP114,2048.5,3810.9,46.25,True,2022-04-22,13.41
PRD00521,Salwar Kameez Plus,Apparel,Women's Clothing,Brand41,SUP132,1423.19,2311.23,38.42,True,2019-09-21,8.82
PRD00522,Salwar Kameez Lite,Apparel,Women's Clothing,Brand43,SUP153,1930.06,3296.93,41.46,True,2019-11-09,5.16
PRD00523,Salwar Kameez Max,Apparel,Women's Clothing,Brand08,SUP178,1607.86,2642.82,39.16,True,2020-07-02,5.4
PRD00524,Salwar Kameez Elite,Apparel,Women's Clothing,Brand34,SUP079,4263.01,8605.22,50.46,True,2019-05-06,3.3
PRD00525,Salwar Kameez Premium,Apparel,Women's Clothing,Brand18,SUP170,1888.09,3500.45,46.06,True,2021-01-10,19.79
PRD00526,Salwar Kameez Select,Apparel,Women's Clothing,Brand29,SUP060,4128.02,7180.22,42.51,True,2019-01-20,4.36
PRD00527,Salwar Kameez Pro,Apparel,Women's Clothing,Brand10,SUP153,2093.58,3794.0,44.82,True,2018-05-26,15.42
PRD00528,Salwar Kameez Elite,Apparel,Women's Clothing,Brand31,SUP125,1894.44,3082.63,38.54,True,2018-03-21,10.65
PRD00529,Kurti,Apparel,Women's Clothing,Brand02,SUP008,1525.85,2487.67,38.66,True,2020-02-07,14.39
PRD00530,Kurti Pro,Apparel,Women's Clothing,Brand08,SUP133,3255.95,5324.67,38.85,True,2019-10-12,18.38
PRD00531,Kurti Select,Apparel,Women's Clothing,Brand50,SUP116,4079.85,7940.11,48.62,True,2022-11-23,18.28
PRD00532,Kurti Eco,Apparel,Women's Clothing,Brand24,SUP034,3784.1,7736.16,51.09,True,2021-09-23,10.84
PRD00533,Kurti Premium,Apparel,Women's Clothing,Brand49,SUP122,3864.67,7606.27,49.19,True,2019-02-21,23.41
PRD00534,Kurti Eco,Apparel,Women's Clothing,Brand29,SUP181,4256.53,7886.75,46.03,True,2019-03-07,18.15
PRD00535,Kurti Eco,Apparel,Women's Clothing,Brand11,SUP093,3757.1,6730.38,44.18,True,2019-10-14,2.34
PRD00536,Kurti Premium,Apparel,Women's Clothing,Brand44,SUP153,3403.0,5817.33,41.5,True,2019-11-03,12.84
PRD00537,Kurti Eco,Apparel,Women's Clothing,Brand24,SUP075,2206.07,4285.16,48.52,True,2020-04-08,23.2
PRD00538,Kurti Max,Apparel,Women's Clothing,Brand17,SUP081,922.03,1914.29,51.83,True,2018-10-02,19.77
PRD00539,Kurti Elite,Apparel,Women's Clothing,Brand34,SUP059,2483.93,4336.3,42.72,True,2021-05-26,17.05
PRD00540,Kurti Lite,Apparel,Women's Clothing,Brand25,SUP100,3856.08,7574.9,49.09,True,2022-10-21,24.05
PRD00541,Western Top,Apparel,Women's Clothing,Brand47,SUP084,561.96,1117.34,49.71,True,2019-09-26,24.01
PRD00542,Western Top Eco,Apparel,Women's Clothing,Brand35,SUP003,754.83,1321.62,42.89,True,2019-01-01,3.92
PRD00543,Western Top Max,Apparel,Women's Clothing,Brand33,SUP099,2707.67,5122.66,47.14,True,2022-01-08,0.49
PRD00544,Western Top Max,Apparel,Women's Clothing,Brand09,SUP055,1108.8,1924.11,42.37,True,2018-06-18,15.78
PRD00545,Western Top Select,Apparel,Women's Clothing,Brand29,SUP169,4385.9,8629.31,49.17,True,2018-03-02,10.83
PRD00546,Western Top Pro,Apparel,Women's Clothing,Brand14,SUP030,1934.21,3453.29,43.99,True,2022-08-21,15.73
PRD00547,Western Top Max,Apparel,Women's Clothing,Brand37,SUP074,2599.86,4222.96,38.44,True,2021-02-09,23.4
PRD00548,Western Top Lite,Apparel,Women's Clothing,Brand32,SUP157,2986.51,5396.93,44.66,True,2020-04-08,11.05
PRD00549,Western Top Classic,Apparel,Women's Clothing,Brand40,SUP088,3261.74,5308.75,38.56,True,2019-11-18,16.35
PRD00550,Western Top Select,Apparel,Women's Clothing,Brand26,SUP075,2913.54,5998.32,51.43,True,2022-07-07,7.15
PRD00551,Western Top Select,Apparel,Women's Clothing,Brand19,SUP170,2085.96,3589.54,41.89,True,2020-04-06,20.13
PRD00552,Western Top Lite,Apparel,Women's Clothing,Brand05,SUP004,2146.73,4119.41,47.89,False,2020-11-19,8.66
PRD00553,Jeans,Apparel,Women's Clothing,Brand29,SUP002,4446.89,7738.8,42.54,True,2019-09-13,9.33
PRD00554,Jeans Premium,Apparel,Women's Clothing,Brand06,SUP117,1095.58,1812.71,39.56,True,2023-03-01,23.83
PRD00555,Jeans Lite,Apparel,Women's Clothing,Brand36,SUP105,269.81,480.6,43.86,True,2023-11-13,24.36
PRD00556,Jeans Pro,Apparel,Women's Clothing,Brand43,SUP167,356.74,740.38,51.82,True,2023-07-04,16.62
PRD00557,Jeans Premium,Apparel,Women's Clothing,Brand47,SUP190,2498.79,4570.21,45.32,True,2021-01-11,3.42
PRD00558,Jeans Classic,Apparel,Women's Clothing,Brand41,SUP152,1044.45,1740.95,40.01,True,2022-02-11,16.75
PRD00559,Jeans Max,Apparel,Women's Clothing,Brand28,SUP139,3834.01,7720.09,50.34,True,2022-01-13,21.65
PRD00560,Jeans Plus,Apparel,Women's Clothing,Brand16,SUP081,1916.75,3395.05,43.54,True,2021-05-18,10.82
PRD00561,Jeans Plus,Apparel,Women's Clothing,Brand18,SUP055,1159.18,2324.67,50.14,True,2023-04-16,13.46
PRD00562,Jeans Pro,Apparel,Women's Clothing,Brand46,SUP131,3904.77,6501.87,39.94,True,2021-03-14,1.0
PRD00563,Jeans Max,Apparel,Women's Clothing,Brand18,SUP059,2414.42,4140.64,41.69,True,2021-10-03,1.92
PRD00564,Jeans Elite,Apparel,Women's Clothing,Brand31,SUP167,1014.53,1710.05,40.67,True,2019-04-06,2.37
PRD00565,Dress,Apparel,Women's Clothing,Brand22,SUP067,4116.48,7113.89,42.13,True,2023-10-20,1.82
PRD00566,Dress Plus,Apparel,Women's Clothing,Brand48,SUP134,2847.06,5912.54,51.85,True,2018-05-09,3.33
PRD00567,Dress Select,Apparel,Women's Clothing,Brand18,SUP068,3303.12,5678.77,41.83,True,2018-08-05,10.86
PRD00568,Dress Eco,Apparel,Women's Clothing,Brand08,SUP199,824.32,1694.52,51.35,True,2021-07-03,5.14
PRD00569,Dress Classic,Apparel,Women's Clothing,Brand25,SUP194,426.21,709.78,39.95,True,2021-08-12,14.57
PRD00570,Dress Plus,Apparel,Women's Clothing,Brand04,SUP087,1232.84,2170.84,43.21,True,2019-01-27,24.91
PRD00571,Dress Classic,Apparel,Women's Clothing,Brand05,SUP169,4583.4,8173.43,43.92,True,2019-03-01,2.47
PRD00572,Dress Plus,Apparel,Women's Clothing,Brand10,SUP130,2217.1,3873.02,42.76,True,2022-12-24,6.1
PRD00573,Dress Pro,Apparel,Women's Clothing,Brand25,SUP160,2600.08,4375.61,40.58,True,2018-03-17,6.67
PRD00574,Dress Max,Apparel,Women's Clothing,Brand03,SUP085,954.79,1949.22,51.02,True,2021-08-07,11.37
PRD00575,Dress Select,Apparel,Women's Clothing,Brand12,SUP197,574.38,1106.66,48.1,True,2019-06-25,19.93
PRD00576,Dress Classic,Apparel,Women's Clothing,Brand34,SUP121,4436.28,8390.52,47.13,True,2020-05-14,8.94
PRD00577,Leggings,Apparel,Women's Clothing,Brand07,SUP013,3058.49,5626.98,45.65,True,2020-10-23,9.53
PRD00578,Leggings Max,Apparel,Women's Clothing,Brand38,SUP140,3872.89,6939.85,44.19,True,2018-10-13,6.57
PRD00579,Leggings Lite,Apparel,Women's Clothing,Brand19,SUP017,1265.5,2171.08,41.71,True,2022-03-19,13.72
PRD00580,Leggings Elite,Apparel,Women's Clothing,Brand43,SUP037,2196.45,4357.58,49.59,True,2019-02-11,20.02
PRD00581,Leggings Classic,Apparel,Women's Clothing,Brand09,SUP090,4525.86,8678.74,47.85,True,2021-02-22,7.1
PRD00582,Leggings Premium,Apparel,Women's Clothing,Brand10,SUP154,3304.99,6709.45,50.74,True,2020-08-12,4.45
PRD00583,Leggings Lite,Apparel,Women's Clothing,Brand33,SUP088,310.68,551.75,43.69,True,2021-12-13,9.3
PRD00584,Leggings Pro,Apparel,Women's Clothing,Brand16,SUP094,1412.54,2727.43,48.21,True,2021-04-15,15.46
PRD00585,Leggings Max,Apparel,Women's Clothing,Brand06,SUP150,509.24,855.78,40.49,True,2022-06-06,5.56
PRD00586,Leggings Plus,Apparel,Women's Clothing,Brand32,SUP067,1632.82,3039.22,46.28,True,2022-06-08,16.5
PRD00587,Leggings Elite,APPAREL,Women's Clothing,Brand46,SUP136,2695.95,4670.88,42.28,True,2018-01-20,22.89
PRD00588,Leggings Eco,Apparel,Women's Clothing,Brand42,SUP179,2511.02,4367.2,42.5,True,2022-05-21,6.77
PRD00589,Ethnic Set,Apparel,Women's Clothing,Brand16,SUP105,2829.83,5672.43,50.11,True,2020-07-22,22.19
PRD00590,Ethnic Set Eco,Apparel,Women's Clothing,Brand08,SUP009,1911.69,3978.63,51.95,True,2021-07-22,22.72
PRD00591,Ethnic Set Pro,Apparel,Women's Clothing,Brand22,SUP029,3466.47,6512.91,46.78,True,2021-05-01,12.63
PRD00592,Ethnic Set Plus,Apparel,Women's Clothing,Brand40,SUP127,4027.59,7734.93,47.93,True,2020-10-01,9.64
PRD00593,Ethnic Set Pro,Apparel,Women's Clothing,Brand02,SUP020,2312.5,3957.93,41.57,True,2022-01-12,6.32
PRD00594,Ethnic Set Max,Apparel,Women's Clothing,Brand24,SUP144,2597.55,4649.47,44.13,False,2021-05-25,1.87
PRD00595,Ethnic Set Eco,Apparel,Women's Clothing,Brand27,SUP128,2206.91,3734.4,40.9,True,2019-04-11,16.01
PRD00596,Ethnic Set Select,Apparel,Women's Clothing,Brand21,SUP080,1298.71,2103.91,38.27,True,2021-11-26,17.7
PRD00597,Ethnic Set Classic,Apparel,Women's Clothing,Brand40,SUP026,4655.54,8044.94,42.13,True,2021-07-27,16.38
PRD00598,Ethnic Set Classic,Apparel,Women's Clothing,Brand07,SUP177,4220.18,8140.86,48.16,True,2022-06-25,20.19
PRD00599,Ethnic Set Plus,Apparel,Women's Clothing,Brand04,SUP190,648.09,1077.9,39.87,True,2020-05-20,13.85
PRD00600,Ethnic Set Select,apparel,Women's Clothing,Brand26,SUP187,3937.3,6778.76,41.92,True,2018-09-05,2.65
PRD00601,Boys Wear,Apparel,Kids' Clothing,Brand06,SUP019,1101.7,2172.43,49.29,True,2021-11-21,4.83
PRD00602,Boys Wear Classic,Apparel,Kids' Clothing,Brand11,SUP153,457.0,820.22,44.28,True,2022-01-13,2.93
PRD00603,Boys Wear Pro,Apparel,Kids' Clothing,Brand34,SUP068,2731.14,4597.67,40.6,True,2018-04-19,4.63
PRD00604,Boys Wear Max,Apparel,Kids' Clothing,Brand08,SUP165,243.36,424.58,42.68,True,2019-09-17,4.49
PRD00605,Boys Wear Classic,Apparel,Kids' Clothing,Brand49,SUP139,2682.18,4591.27,41.58,True,2018-05-21,1.77
PRD00606,Boys Wear Premium,Apparel,Kids' Clothing,Brand44,SUP093,952.55,1682.36,43.38,True,2021-08-22,20.72
PRD00607,Boys Wear Max,Apparel,Kids' Clothing,Brand36,SUP085,2320.9,4229.28,45.12,True,2019-04-01,4.97
PRD00608,Boys Wear Elite,Apparel,Kids' Clothing,Brand08,SUP031,3776.9,6598.77,42.76,True,2019-01-23,1.86
PRD00609,Boys Wear Max,Apparel,Kids' Clothing,Brand48,SUP186,317.01,571.32,44.51,True,2019-09-24,7.15
PRD00610,Boys Wear Classic,Apparel,Kids' Clothing,Brand26,SUP064,3852.18,7351.79,47.6,True,2020-07-22,18.95
PRD00611,Boys Wear Plus,Apparel,Kids' Clothing,Brand41,SUP141,4667.16,8439.58,44.7,True,2023-11-02,10.18
PRD00612,Boys Wear Eco,Apparel,Kids' Clothing,Brand36,SUP194,4031.03,6955.74,42.05,True,2018-02-17,3.33
PRD00613,Girls Wear,Apparel,Kids' Clothing,Brand46,SUP200,4210.25,7039.12,40.19,True,2019-11-17,2.2
PRD00614,Girls Wear Classic,Apparel,Kids' Clothing,Brand30,SUP104,473.42,776.72,39.05,True,2022-03-13,14.77
PRD00615,Girls Wear Premium,Apparel,Kids' Clothing,Brand24,SUP051,2576.02,4919.15,47.63,True,2022-04-10,0.4
PRD00616,Girls Wear Plus,Apparel,Kids' Clothing,Brand18,SUP155,744.68,1372.66,45.75,True,2023-01-15,19.97
PRD00617,Girls Wear Elite,Apparel,Kids' Clothing,Brand01,SUP089,1342.36,2656.89,49.48,True,2021-10-22,21.36
PRD00618,Girls Wear Select,Apparel,Kids' Clothing,Brand28,SUP009,1964.31,3892.76,49.54,True,2021-10-06,13.82
PRD00619,Girls Wear Lite,apparel,Kids' Clothing,Brand43,SUP047,444.31,860.74,48.38,True,2023-08-26,1.78
PRD00620,Girls Wear Classic,Apparel,Kids' Clothing,Brand04,SUP052,2310.88,4600.0,49.76,False,2018-10-14,20.31
PRD00621,Girls Wear Classic,Apparel,Kids' Clothing,Brand29,SUP017,752.78,1249.31,39.74,True,2019-05-26,19.17
PRD00622,Girls Wear Lite,Apparel,Kids' Clothing,Brand42,SUP112,4122.9,7533.74,45.27,True,2019-09-18,1.39
PRD00623,Girls Wear Premium,Apparel,Kids' Clothing,Brand48,SUP104,4191.7,8011.93,47.68,True,2019-08-21,6.15
PRD00624,Girls Wear Select,Apparel,Kids' Clothing,Brand49,SUP199,2615.61,4956.86,47.23,True,2022-05-13,14.76
PRD00625,Infant Clothing,Apparel,Kids' Clothing,Brand15,SUP176,839.07,1499.61,44.05,True,2018-02-05,14.8
PRD00626,Infant Clothing Classic,Apparel,Kids' Clothing,Brand10,SUP146,942.79,1817.61,48.13,False,2023-12-15,8.07
PRD00627,Infant Clothing Pro,Apparel,Kids' Clothing,Brand43,SUP103,1191.72,2151.21,44.6,True,2023-07-05,18.03
PRD00628,Infant Clothing Plus,APPAREL,Kids' Clothing,Brand39,SUP053,2796.08,4724.24,40.81,True,2021-01-10,11.03
PRD00629,Infant Clothing Lite,Apparel,Kids' Clothing,Brand08,SUP170,990.64,1926.99,48.59,True,2022-10-21,0.58
PRD00630,Infant Clothing Select,Apparel,Kids' Clothing,Brand30,SUP111,1407.73,2539.05,44.56,True,2023-05-24,4.17
PRD00631,Infant Clothing Classic,Apparel,Kids' Clothing,Brand38,SUP046,1848.91,3017.74,38.73,True,2018-12-21,13.41
PRD00632,Infant Clothing Classic,Apparel,Kids' Clothing,Brand26,SUP058,242.81,391.83,38.03,True,2019-07-17,5.79
PRD00633,Infant Clothing Max,Apparel,Kids' Clothing,Brand10,SUP114,2841.97,5013.15,43.31,True,2018-04-01,7.77
PRD00634,Infant Clothing Pro,Apparel,Kids' Clothing,Brand19,SUP150,4234.29,8407.89,49.64,True,2021-10-23,5.98
PRD00635,Infant Clothing Max,Apparel,Kids' Clothing,Brand03,SUP056,1512.26,2617.5,42.22,True,2019-09-25,2.83
PRD00636,Infant Clothing Max,Apparel,Kids' Clothing,Brand25,SUP057,2238.97,3951.51,43.34,False,2021-02-23,24.34
PRD00637,School Uniform,Apparel,Kids' Clothing,Brand27,SUP048,3117.05,5908.69,47.25,True,2020-09-16,1.22
PRD00638,School Uniform Eco,Apparel,Kids' Clothing,Brand21,SUP072,3886.14,6926.27,43.89,True,2019-08-05,3.87
PRD00639,School Uniform Select,Apparel,Kids' Clothing,Brand50,SUP180,924.06,1750.76,47.22,True,2019-12-08,16.23
PRD00640,School Uniform Plus,Apparel,Kids' Clothing,Brand33,SUP074,362.04,657.53,44.94,True,2021-08-23,24.26
PRD00641,School Uniform Premium,Apparel,Kids' Clothing,Brand40,SUP143,2244.09,4226.39,46.9,True,2019-08-08,19.42
PRD00642,School Uniform Classic,Apparel,Kids' Clothing,Brand27,SUP200,683.89,1179.88,42.04,True,2021-03-27,2.77
PRD00643,School Uniform Select,Apparel,Kids' Clothing,Brand24,SUP005,1399.89,2456.22,43.01,True,2020-02-21,0.57
PRD00644,School Uniform Premium,Apparel,Kids' Clothing,Brand24,SUP002,2225.32,4171.41,46.65,True,2018-10-12,4.77
PRD00645,School Uniform Classic,Apparel,Kids' Clothing,Brand30,SUP156,3579.6,6225.35,42.5,True,2021-12-04,2.95
PRD00646,School Uniform Premium,Apparel,Kids' Clothing,Brand15,SUP124,1529.94,2733.84,44.04,True,2022-09-03,10.4
PRD00647,School Uniform Lite,Apparel,Kids' Clothing,Brand37,SUP007,3656.34,7299.23,49.91,True,2021-12-19,5.94
PRD00648,School Uniform Eco,Apparel,Kids' Clothing,Brand16,SUP123,2655.66,5185.67,48.79,True,2021-07-14,2.34
PRD00649,Kids Ethnic Wear,Apparel,Kids' Clothing,Brand08,SUP021,3174.65,6364.53,50.12,False,2020-03-01,24.74
PRD00650,Kids Ethnic Wear Max,Apparel,Kids' Clothing,Brand14,SUP142,2398.15,4205.6,42.98,True,2023-02-20,7.17
PRD00651,Kids Ethnic Wear Elite,Apparel,Kids' Clothing,Brand01,SUP095,496.85,947.57,47.57,True,2022-02-21,19.27
PRD00652,Kids Ethnic Wear Lite,Apparel,Kids' Clothing,Brand36,SUP130,3434.86,5570.9,38.34,True,2023-01-08,20.36
PRD00653,Kids Ethnic Wear Select,Apparel,Kids' Clothing,Brand38,SUP043,900.98,1707.96,47.25,True,2018-12-16,7.66
PRD00654,Kids Ethnic Wear Classic,Apparel,Kids' Clothing,Brand19,SUP088,4119.17,6897.3,40.28,True,2023-04-23,2.07
PRD00655,Kids Ethnic Wear Classic,Apparel,Kids' Clothing,Brand34,SUP133,2379.08,3903.63,39.05,True,2022-09-27,16.83
PRD00656,Kids Ethnic Wear Lite,apparel,Kids' Clothing,Brand46,SUP015,3636.93,6622.31,45.08,True,2021-11-07,12.47
PRD00657,Kids Ethnic Wear Lite,Apparel,Kids' Clothing,Brand11,SUP027,3460.54,5849.27,40.84,True,2023-03-05,8.35
PRD00658,Kids Ethnic Wear Lite,apparel,Kids' Clothing,Brand47,SUP129,1966.21,3690.56,46.72,True,2023-05-19,8.11
PRD00659,Kids Ethnic Wear Classic,Apparel,Kids' Clothing,Brand06,SUP022,4032.93,6841.18,41.05,True,2023-06-09,16.91
PRD00660,Kids Ethnic Wear Max,Apparel,Kids' Clothing,Brand15,SUP117,2279.25,3965.55,42.52,True,2018-07-13,12.85
PRD00661,Men's Formal Shoes,Apparel,Footwear,Brand32,SUP185,1148.03,2349.66,51.14,True,2023-08-17,21.25
PRD00662,Men's Formal Shoes Plus,Apparel,Footwear,Brand14,SUP074,1667.49,2813.47,40.73,True,2019-08-09,6.85
PRD00663,Men's Formal Shoes Premium,Apparel,Footwear,Brand18,SUP014,3095.06,5052.54,38.74,True,2022-12-06,5.1
PRD00664,Men's Formal Shoes Lite,Apparel,Footwear,Brand02,SUP070,184.16,332.62,44.63,True,2019-09-25,5.46
PRD00665,Men's Formal Shoes Plus,Apparel,Footwear,Brand43,SUP111,1573.46,2834.65,44.49,True,2022-09-04,10.48
PRD00666,Men's Formal Shoes Pro,Apparel,Footwear,Brand06,SUP199,4091.08,8239.7,50.35,True,2021-04-19,22.92
PRD00667,Men's Formal Shoes Lite,Apparel,Footwear,Brand29,SUP021,2224.19,3655.99,39.16,True,2020-12-10,21.88
PRD00668,Men's Formal Shoes Max,Apparel,Footwear,Brand16,SUP199,1410.28,2358.53,40.21,True,2018-01-18,3.64
PRD00669,Men's Formal Shoes Classic,Apparel,Footwear,Brand04,SUP158,680.59,1131.55,39.85,True,2023-12-02,19.03
PRD00670,Men's Formal Shoes Elite,Apparel,Footwear,Brand18,SUP005,3493.5,7271.57,51.96,True,2019-06-24,18.24
PRD00671,Men's Formal Shoes Lite,Apparel,Footwear,Brand37,SUP159,2299.95,3926.43,41.42,True,2023-05-19,10.07
PRD00672,Men's Formal Shoes Premium,Apparel,Footwear,Brand39,SUP096,2330.83,4264.92,45.35,True,2023-10-10,9.4
PRD00673,Men's Casual Shoes,Apparel,Footwear,Brand05,SUP101,781.83,1351.64,42.16,True,2020-01-10,19.86
PRD00674,Men's Casual Shoes Lite,Apparel,Footwear,Brand46,SUP088,1285.44,2405.68,46.57,True,2021-11-10,14.8
PRD00675,Men's Casual Shoes Lite,Apparel,Footwear,Brand23,SUP038,2457.22,4100.88,40.08,True,2021-12-17,1.85
PRD00676,Men's Casual Shoes Elite,Apparel,Footwear,Brand13,SUP012,1693.05,3336.71,49.26,True,2021-02-09,22.91
PRD00677,Men's Casual Shoes Premium,Apparel,Footwear,Brand46,SUP077,1722.96,2935.87,41.31,True,2022-03-02,3.37
PRD00678,Men's Casual Shoes Pro,Apparel,Footwear,Brand12,SUP091,3049.34,5162.43,40.93,True,2022-07-02,1.01
PRD00679,Men's Casual Shoes Lite,Apparel,Footwear,Brand44,SUP184,2172.09,4070.62,46.64,True,2018-03-15,9.17
PRD00680,Men's Casual Shoes Plus,Apparel,Footwear,Brand28,SUP095,2349.01,4787.81,50.94,True,2020-05-02,23.31
PRD00681,Men's Casual Shoes Max,Apparel,Footwear,Brand47,SUP166,2434.97,4431.46,45.05,True,2021-09-08,16.5
PRD00682,Men's Casual Shoes Max,Apparel,Footwear,Brand36,SUP009,2740.55,4645.07,41.0,True,2021-08-01,11.22
PRD00683,Men's Casual Shoes Max,Apparel,Footwear,Brand22,SUP094,207.23,340.0,39.05,True,2018-10-18,7.78
PRD00684,Men's Casual Shoes Plus,Apparel,Footwear,Brand30,SUP080,4664.43,9485.99,50.83,True,2023-02-09,18.76
PRD00685,Women's Heels,Apparel,Footwear,Brand25,SUP164,795.06,1516.82,47.58,True,2018-12-26,7.96
PRD00686,Women's Heels Max,Apparel,Footwear,Brand24,SUP136,995.64,1676.88,40.63,True,2023-07-12,5.3
PRD00687,Women's Heels Max,Apparel,Footwear,Brand41,SUP194,387.06,697.11,44.48,True,2022-09-17,10.96
PRD00688,Women's Heels Plus,Apparel,Footwear,Brand35,SUP173,2782.68,5082.06,45.25,True,2021-08-12,0.5
PRD00689,Women's Heels Select,Apparel,Footwear,Brand28,SUP181,1242.5,2259.44,45.01,True,2021-06-08,16.66
PRD00690,Women's Heels Elite,Apparel,Footwear,Brand21,SUP168,3344.63,5946.85,43.76,True,2019-11-22,22.73
PRD00691,Women's Heels Pro,Apparel,Footwear,Brand35,SUP122,2848.29,4927.09,42.19,True,2022-09-23,1.94
PRD00692,Women's Heels Premium,Apparel,Footwear,Brand08,SUP004,228.34,378.81,39.72,True,2023-08-08,10.78
PRD00693,Women's Heels Eco,Apparel,Footwear,Brand07,SUP024,1954.81,3383.22,42.22,True,2021-09-21,5.12
PRD00694,Women's Heels Elite,Apparel,Footwear,Brand07,SUP173,3467.51,6836.33,49.28,True,2018-07-13,15.79
PRD00695,Women's Heels Premium,Apparel,Footwear,Brand26,SUP025,284.56,489.79,41.9,True,2023-12-21,16.59
PRD00696,Women's Heels Lite,Apparel,Footwear,Brand12,SUP042,698.14,1205.92,42.11,True,2020-05-12,6.19
PRD00697,Women's Flats,Apparel,Footwear,Brand26,SUP059,3307.98,6146.67,46.18,True,2021-07-19,9.75
PRD00698,Women's Flats Select,Apparel,Footwear,Brand30,SUP153,1813.79,3027.84,40.1,True,2021-09-24,21.15
PRD00699,Women's Flats Premium,Apparel,Footwear,Brand20,SUP129,670.2,1282.2,47.73,True,2023-12-08,11.11
PRD00700,Women's Flats Plus,Apparel,Footwear,Brand25,SUP012,1387.87,2653.06,47.69,True,2019-08-24,19.83
PRD00701,Women's Flats Select,Apparel,Footwear,Brand09,SUP177,2422.24,4179.08,42.04,True,2023-12-16,22.0
PRD00702,Women's Flats Max,Apparel,Footwear,Brand11,SUP160,727.0,1386.21,47.55,True,2018-01-11,23.54
PRD00703,Women's Flats Lite,Apparel,Footwear,Brand38,SUP024,1636.29,3234.33,49.41,True,2022-02-12,9.8
PRD00704,Women's Flats Eco,Apparel,Footwear,Brand44,SUP133,903.46,1553.96,41.86,True,2020-11-06,12.18
PRD00705,Women's Flats Max,Apparel,Footwear,Brand38,SUP173,3401.41,5865.88,42.01,True,2021-04-07,15.81
PRD00706,Women's Flats Premium,Apparel,Footwear,Brand37,SUP197,871.04,1530.64,43.09,True,2021-05-24,1.43
PRD00707,Women's Flats Select,Apparel,Footwear,Brand27,SUP111,2855.49,5921.0,51.77,True,2022-06-22,16.42
PRD00708,Women's Flats Elite,Apparel,Footwear,Brand38,SUP124,3286.64,5588.51,41.19,True,2019-08-07,5.99
PRD00709,Sports Shoes,Apparel,Footwear,Brand19,SUP135,4039.74,6893.97,41.4,True,2022-09-05,12.21
PRD00710,Sports Shoes Lite,Apparel,Footwear,Brand01,SUP003,1275.42,2172.75,41.3,True,2020-07-01,15.57
PRD00711,Sports Shoes Plus,Apparel,Footwear,Brand16,SUP138,2996.82,4912.11,38.99,True,2023-05-12,11.68
PRD00712,Sports Shoes Elite,Apparel,Footwear,Brand46,SUP022,1116.22,2204.5,49.37,True,2023-08-09,4.1
PRD00713,Sports Shoes Eco,Apparel,Footwear,Brand32,SUP111,1560.87,2722.1,42.66,True,2019-04-03,0.27
PRD00714,Sports Shoes Max,Apparel,Footwear,Brand18,SUP133,4022.98,7714.66,47.85,True,2021-12-05,11.83
PRD00715,Sports Shoes Lite,apparel,Footwear,Brand11,SUP105,1767.58,3310.89,46.61,True,2021-08-05,1.19
PRD00716,Sports Shoes Classic,Apparel,Footwear,Brand33,SUP169,2155.95,4213.83,48.84,True,2022-03-07,13.34
PRD00717,Sports Shoes Classic,Apparel,Footwear,Brand10,SUP013,1098.62,2119.55,48.17,True,2019-10-14,15.06
PRD00718,Sports Shoes Lite,Apparel,Footwear,Brand42,SUP108,2146.31,4368.87,50.87,True,2023-04-18,15.27
PRD00719,Sports Shoes Classic,Apparel,Footwear,Brand30,SUP104,2134.8,3713.31,42.51,False,2018-11-23,1.26
PRD00720,Sports Shoes Elite,Apparel,Footwear,Brand10,SUP074,2538.95,4755.46,46.61,True,2023-07-24,19.1
PRD00721,Sandals,Apparel,Footwear,Brand16,SUP112,1262.14,2107.45,40.11,True,2020-02-27,5.82
PRD00722,Sandals Eco,Apparel,Footwear,Brand50,SUP162,3913.7,6547.68,40.23,True,2019-06-16,3.1
PRD00723,Sandals Pro,Apparel,Footwear,Brand28,SUP141,3851.61,6623.08,41.85,True,2021-07-02,4.3
PRD00724,Sandals Lite,Apparel,Footwear,Brand08,SUP043,904.56,1565.76,42.23,True,2023-12-17,9.0
PRD00725,Sandals Lite,Apparel,Footwear,Brand15,SUP083,1421.73,2587.06,45.04,True,2020-12-14,24.61
PRD00726,Sandals Max,Apparel,Footwear,Brand08,SUP022,1183.84,2145.87,44.83,True,2020-11-05,14.58
PRD00727,Sandals Premium,Apparel,Footwear,Brand47,SUP017,2053.07,3350.43,38.72,True,2020-12-12,23.44
PRD00728,Sandals Pro,Apparel,Footwear,Brand38,SUP168,1485.66,2642.17,43.77,True,2020-02-27,13.93
PRD00729,Sandals Eco,Apparel,Footwear,Brand42,SUP195,3278.77,6187.35,47.01,True,2023-10-08,0.67
PRD00730,Sandals Plus,Apparel,Footwear,Brand23,SUP172,2941.74,5831.76,49.56,True,2018-07-14,20.93
PRD00731,Sandals Classic,Apparel,Footwear,Brand38,SUP068,952.03,1781.83,46.57,True,2023-01-26,15.08
PRD00732,Sandals Lite,Apparel,Footwear,Brand26,SUP140,3626.32,5920.8,38.75,True,2021-02-12,13.9
PRD00733,Slippers,Apparel,Footwear,Brand22,SUP025,2663.7,4337.29,38.59,True,2019-07-27,7.56
PRD00734,Slippers Elite,Apparel,Footwear,Brand24,SUP072,967.46,1641.8,41.07,True,2023-07-02,1.09
PRD00735,Slippers Classic,Apparel,Footwear,Brand32,SUP008,1202.12,2394.6,49.8,True,2021-09-26,8.35
PRD00736,Slippers Classic,Apparel,Footwear,Brand25,SUP117,3933.08,7952.47,50.54,True,2023-01-18,2.29
PRD00737,Slippers Pro,Apparel,Footwear,Brand04,SUP071,2310.33,3918.65,41.04,True,2018-07-16,11.44
PRD00738,Slippers Max,Apparel,Footwear,Brand47,SUP101,1536.45,3192.74,51.88,True,2018-08-18,18.36
PRD00739,Slippers Elite,Apparel,Footwear,Brand07,SUP177,1826.84,3543.68,48.45,True,2019-11-17,20.95
PRD00740,Slippers Select,Apparel,Footwear,Brand03,SUP050,390.62,655.86,40.44,False,2019-01-14,13.26
PRD00741,Slippers Eco,Apparel,Footwear,Brand01,SUP049,3137.22,5541.69,43.39,True,2022-02-24,0.66
PRD00742,Slippers Elite,Apparel,Footwear,Brand29,SUP149,2564.49,5183.81,50.53,True,2021-09-04,16.91
PRD00743,Slippers Classic,Apparel,Footwear,Brand23,SUP054,4137.2,8554.84,51.64,True,2020-03-15,6.51
PRD00744,Slippers Elite,Apparel,Footwear,Brand23,SUP075,953.85,1599.97,40.38,False,2019-12-02,23.25
PRD00745,Handbag,Apparel,Accessories,Brand23,SUP174,507.96,833.06,39.02,True,2019-10-25,10.18
PRD00746,Handbag Eco,Apparel,Accessories,Brand02,SUP068,2197.05,3871.56,43.25,True,2019-06-03,14.07
PRD00747,Handbag Lite,Apparel,Accessories,Brand25,SUP160,623.95,1030.32,39.44,True,2020-01-01,4.91
PRD00748,Handbag Pro,Apparel,Accessories,Brand46,SUP042,1240.34,2441.78,49.2,True,2020-10-20,15.71
PRD00749,Handbag Classic,Apparel,Accessories,Brand22,SUP128,1007.71,1665.85,39.51,True,2021-12-08,7.72
PRD00750,Handbag Premium,Apparel,Accessories,Brand33,SUP009,1354.54,2438.44,44.45,True,2021-07-03,20.56
PRD00751,Handbag Lite,Apparel,Accessories,Brand13,SUP008,2334.47,3818.86,38.87,True,2022-08-24,15.09
PRD00752,Handbag Max,Apparel,Accessories,Brand10,SUP199,2080.96,3714.2,43.97,True,2021-05-05,22.15
PRD00753,Handbag Classic,Apparel,Accessories,Brand17,SUP179,1836.26,2995.35,38.7,True,2023-02-14,23.91
PRD00754,Handbag Premium,Apparel,Accessories,Brand43,SUP083,4114.21,8155.55,49.55,True,2020-12-16,18.02
PRD00755,Handbag Classic,Apparel,Accessories,Brand48,SUP066,979.15,1891.69,48.24,True,2019-03-11,5.07
PRD00756,Handbag Eco,APPAREL,Accessories,Brand28,SUP172,684.73,1342.33,48.99,True,2019-09-09,11.26
PRD00757,Wallet,Apparel,Accessories,Brand39,SUP198,4057.68,7707.53,47.35,True,2021-08-07,6.63
PRD00758,Wallet Pro,Apparel,Accessories,Brand31,SUP151,596.05,1098.84,45.76,True,2022-02-01,15.84
PRD00759,Wallet Select,Apparel,Accessories,Brand10,SUP192,4669.14,8067.45,42.12,True,2019-12-07,8.74
PRD00760,Wallet Plus,Apparel,Accessories,Brand20,SUP109,3048.74,5332.8,42.83,True,2018-01-11,8.27
PRD00761,Wallet Premium,Apparel,Accessories,Brand44,SUP071,568.75,1070.66,46.88,True,2018-07-04,15.1
PRD00762,Wallet Plus,Apparel,Accessories,Brand18,SUP117,4320.93,7733.73,44.13,True,2022-04-07,4.1
PRD00763,Wallet Elite,Apparel,Accessories,Brand35,SUP145,1788.36,3496.88,48.86,True,2021-03-08,8.56
PRD00764,Wallet Classic,Apparel,Accessories,Brand30,SUP170,370.32,743.05,50.16,True,2019-09-20,18.74
PRD00765,Wallet Max,Apparel,Accessories,Brand46,SUP083,3174.47,5367.08,40.85,True,2022-08-18,22.62
PRD00766,Wallet Elite,Apparel,Accessories,Brand21,SUP131,4352.74,8111.54,46.34,True,2020-05-18,2.02
PRD00767,Wallet Max,Apparel,Accessories,Brand45,SUP086,819.13,1658.25,50.6,True,2023-05-22,20.72
PRD00768,Wallet Max,Apparel,Accessories,Brand50,SUP165,1599.06,2666.64,40.03,True,2018-01-18,17.08
PRD00769,Belt,Apparel,Accessories,Brand11,SUP118,1329.05,2560.89,48.1,True,2022-10-19,19.61
PRD00770,Belt Pro,Apparel,Accessories,Brand39,SUP133,1029.31,1754.46,41.33,True,2018-05-13,23.26
PRD00771,Belt Premium,Apparel,Accessories,Brand49,SUP002,2705.64,4782.61,43.43,True,2020-08-12,7.87
PRD00772,Belt Pro,Apparel,Accessories,Brand03,SUP104,1644.0,3139.18,47.63,True,2022-08-11,3.75
PRD00773,Belt Max,Apparel,Accessories,Brand18,SUP032,2664.62,5145.14,48.21,True,2018-07-23,6.76
PRD00774,Belt Eco,Apparel,Accessories,Brand10,SUP141,3662.29,6384.39,42.64,True,2022-05-01,24.0
PRD00775,Belt Select,Apparel,Accessories,Brand20,SUP200,844.15,1479.61,42.95,True,2020-01-01,23.32
PRD00776,Belt Elite,Apparel,Accessories,Brand41,SUP130,3083.72,6333.26,51.31,True,2023-01-10,11.13
PRD00777,Belt Lite,Apparel,Accessories,Brand37,SUP054,3137.86,5601.03,43.98,True,2018-06-06,23.6
PRD00778,Belt Lite,Apparel,Accessories,Brand41,SUP032,879.18,1460.63,39.81,True,2022-04-26,6.84
PRD00779,Belt Classic,Apparel,Accessories,Brand27,SUP133,3895.79,6826.16,42.93,False,2020-01-16,18.71
PRD00780,Belt Eco,Apparel,Accessories,Brand27,SUP036,964.61,1970.33,51.04,True,2019-06-06,1.68
PRD00781,Sunglasses,Apparel,Accessories,Brand06,SUP151,3260.49,5393.67,39.55,True,2022-04-22,19.92
PRD00782,Sunglasses Classic,Apparel,Accessories,Brand05,SUP075,815.56,1489.81,45.26,True,2021-08-26,5.27
PRD00783,Sunglasses Select,Apparel,Accessories,Brand11,SUP020,3249.61,5397.67,39.8,True,2020-08-27,0.75
PRD00784,Sunglasses Select,Apparel,Accessories,Brand19,SUP007,181.41,317.73,42.91,True,2023-10-24,3.67
PRD00785,Sunglasses Max,Apparel,Accessories,Brand16,SUP184,2032.41,3942.02,48.44,True,2021-11-09,21.52
PRD00786,Sunglasses Elite,Apparel,Accessories,Brand16,SUP046,1306.04,2692.9,51.5,True,2018-11-05,12.72
PRD00787,Sunglasses Lite,Apparel,Accessories,Brand44,SUP106,686.66,1289.86,46.76,True,2020-06-11,19.67
PRD00788,Sunglasses Eco,Apparel,Accessories,Brand27,SUP018,2838.74,4685.63,39.42,True,2020-05-03,24.53
PRD00789,Sunglasses Lite,Apparel,Accessories,Brand08,SUP124,971.31,1637.92,40.7,True,2021-04-07,10.79
PRD00790,Sunglasses Premium,Apparel,Accessories,Brand46,SUP187,3207.48,5524.79,41.94,True,2019-02-26,20.28
PRD00791,Sunglasses Premium,Apparel,Accessories,Brand26,SUP168,1722.4,3429.71,49.78,True,2020-05-21,7.52
PRD00792,Sunglasses Classic,Apparel,Accessories,Brand01,SUP019,2907.02,5115.42,43.17,True,2023-01-17,15.04
PRD00793,Fashion Watch,Apparel,Accessories,Brand49,SUP142,2655.13,4582.6,42.06,True,2021-02-13,7.27
PRD00794,Fashion Watch Eco,Apparel,Accessories,Brand09,SUP046,469.25,821.85,42.9,True,2021-11-09,8.39
PRD00795,Fashion Watch Elite,Apparel,Accessories,Brand47,SUP052,3193.29,5330.13,40.09,True,2020-04-05,23.33
PRD00796,Fashion Watch Premium,Apparel,Accessories,Brand08,SUP148,1290.8,2448.02,47.27,True,2019-01-04,0.57
PRD00797,Fashion Watch Premium,Apparel,Accessories,Brand17,SUP001,2433.04,4873.7,50.08,True,2018-08-19,21.28
PRD00798,Fashion Watch Max,Apparel,Accessories,Brand20,SUP119,3560.86,6818.36,47.78,True,2019-09-20,23.77
PRD00799,Fashion Watch Eco,Apparel,Accessories,Brand25,SUP189,2736.13,4727.63,42.12,True,2021-08-22,14.66
PRD00800,Fashion Watch Elite,Apparel,Accessories,Brand32,SUP136,222.41,411.7,45.98,True,2023-03-16,11.93
PRD00801,Fashion Watch Elite,Apparel,Accessories,Brand45,SUP091,2569.8,4208.8,38.94,True,2023-06-16,1.53
PRD00802,Fashion Watch Elite,Apparel,Accessories,Brand36,SUP121,2867.79,5121.8,44.01,True,2018-10-08,16.33
PRD00803,Fashion Watch Plus,Apparel,Accessories,Brand23,SUP017,2998.93,5098.12,41.18,True,2023-12-02,11.13
PRD00804,Fashion Watch Plus,Apparel,Accessories,Brand31,SUP186,1581.41,2982.84,46.98,True,2018-05-20,19.24
PRD00805,Scarf,Apparel,Accessories,Brand22,SUP146,445.1,770.75,42.25,True,2019-02-02,2.92
PRD00806,Scarf Pro,apparel,Accessories,Brand36,SUP099,3185.78,5462.21,41.68,True,2018-03-11,19.94
PRD00807,Scarf Elite,Apparel,Accessories,Brand32,SUP165,3703.86,6527.53,43.26,True,2019-10-03,10.92
PRD00808,Scarf Plus,Apparel,Accessories,Brand23,SUP147,1001.36,2017.54,50.37,True,2021-05-08,5.15
PRD00809,Scarf Plus,Apparel,Accessories,Brand07,SUP157,4278.86,8421.71,49.19,True,2022-07-01,13.26
PRD00810,Scarf Select,Apparel,Accessories,Brand35,SUP190,764.56,1294.53,40.94,True,2019-05-18,20.82
PRD00811,Scarf Classic,Apparel,Accessories,Brand19,SUP127,2945.28,5909.93,50.16,True,2021-08-25,4.21
PRD00812,Scarf Lite,Apparel,Accessories,Brand19,SUP168,2778.38,5401.42,48.56,True,2023-11-05,14.64
PRD00813,Scarf Classic,Apparel,Accessories,Brand04,SUP129,2070.45,3350.93,38.21,True,2019-02-25,13.69
PRD00814,Scarf Max,Apparel,Accessories,Brand43,SUP034,654.52,1200.55,45.48,True,2022-03-04,22.53
PRD00815,Scarf Lite,Apparel,Accessories,Brand42,SUP009,4019.13,6562.06,38.75,True,2018-12-21,13.45
PRD00816,Scarf Max,Apparel,Accessories,Brand42,SUP156,2043.39,4140.95,50.65,True,2018-07-21,13.81
PRD00817,Cap,Apparel,Accessories,Brand06,SUP081,4598.61,8776.75,47.6,True,2019-03-27,2.55
PRD00818,Cap Elite,Apparel,Accessories,Brand04,SUP062,630.98,1229.68,48.69,True,2018-12-22,22.05
PRD00819,Cap Lite,Apparel,Accessories,Brand46,SUP063,3104.06,5399.82,42.52,True,2019-08-24,17.05
PRD00820,Cap Max,Apparel,Accessories,Brand48,SUP182,4206.05,7031.48,40.18,True,2021-01-25,9.58
PRD00821,Cap Premium,Apparel,Accessories,Brand40,SUP062,3414.49,6438.15,46.96,True,2023-07-02,4.66
PRD00822,Cap Pro,Apparel,Accessories,Brand49,SUP047,4468.13,9224.26,51.56,True,2018-04-21,18.85
PRD00823,Cap Elite,Apparel,Accessories,Brand08,SUP150,566.16,1058.89,46.53,True,2020-01-02,2.09
PRD00824,Cap Lite,Apparel,Accessories,Brand47,SUP165,4274.46,8287.86,48.43,True,2020-12-10,15.45
PRD00825,Cap Premium,Apparel,Accessories,Brand41,SUP032,1760.26,3414.52,48.45,True,2023-12-15,5.66
PRD00826,Cap Classic,Apparel,Accessories,Brand28,SUP073,348.81,669.62,47.91,True,2022-05-27,24.86
PRD00827,Cap Max,Apparel,Accessories,Brand13,SUP019,2270.17,4551.7,50.12,True,2022-12-22,20.31
PRD00828,Cap Plus,Apparel,Accessories,Brand35,SUP068,2261.3,4476.04,49.48,True,2018-11-21,15.67
PRD00829,Pressure Cooker,Home & Kitchen,Cookware,Brand33,SUP115,4349.74,6718.59,35.26,True,2020-10-17,19.03
PRD00830,Pressure Cooker Lite,HOME & KITCHEN,Cookware,Brand37,SUP176,4714.73,6940.58,32.07,True,2022-05-02,18.9
PRD00831,Pressure Cooker Eco,Home & Kitchen,Cookware,Brand34,SUP102,4304.17,6028.04,28.6,True,2022-08-22,7.58
PRD00832,Pressure Cooker Elite,Home & Kitchen,Cookware,Brand21,SUP101,1773.48,2563.05,30.81,True,2022-06-20,4.43
PRD00833,Pressure Cooker Max,Home & Kitchen,Cookware,Brand35,SUP146,3106.85,4392.38,29.27,True,2019-07-22,16.81
PRD00834,Pressure Cooker Lite,Home & Kitchen,Cookware,Brand33,SUP125,2556.3,3686.77,30.66,True,2021-11-24,12.86
PRD00835,Pressure Cooker Elite,Home & Kitchen,Cookware,Brand19,SUP188,3976.32,5647.18,29.59,True,2019-08-16,11.61
PRD00836,Pressure Cooker Premium,Home & Kitchen,Cookware,Brand11,SUP142,7350.84,11402.09,35.53,True,2018-09-27,21.6
PRD00837,Pressure Cooker Lite,Home & Kitchen,Cookware,Brand03,SUP125,327.3,467.64,30.01,True,2022-08-14,13.91
PRD00838,Pressure Cooker Eco,Home & Kitchen,Cookware,Brand02,SUP058,2183.64,3250.1,32.81,True,2021-12-19,8.37
PRD00839,Pressure Cooker Plus,Home & Kitchen,Cookware,Brand07,SUP044,6840.12,10320.71,33.72,True,2019-07-08,3.07
PRD00840,Pressure Cooker Plus,Home & Kitchen,Cookware,Brand24,SUP110,1392.57,1970.38,29.32,True,2021-01-20,7.1
PRD00841,Kadai,Home & Kitchen,Cookware,Brand40,SUP143,2663.29,3793.21,29.79,True,2023-05-02,6.59
PRD00842,Kadai Select,Home & Kitchen,Cookware,Brand05,SUP024,1417.58,2172.27,34.74,True,2023-04-14,21.2
PRD00843,Kadai Elite,Home & Kitchen,Cookware,Brand06,SUP029,358.55,545.05,34.22,True,2023-12-02,20.85
PRD00844,Kadai Premium,Home & Kitchen,Cookware,Brand40,SUP165,356.65,503.08,29.11,True,2020-07-18,15.63
PRD00845,Kadai Classic,Home & Kitchen,Cookware,Brand49,SUP114,2506.49,3533.72,29.07,True,2018-07-08,6.68
PRD00846,Kadai Premium,Home & Kitchen,Cookware,Brand39,SUP160,4960.07,7559.18,34.38,True,2023-07-13,0.33
PRD00847,Kadai Elite,Home & Kitchen,Cookware,Brand29,SUP096,6195.75,8904.34,30.42,True,2019-09-23,21.95
PRD00848,Kadai Eco,Home & Kitchen,Cookware,Brand13,SUP171,507.78,792.66,35.94,True,2019-02-08,13.86
PRD00849,Kadai Eco,Home & Kitchen,Cookware,Brand33,SUP194,2081.06,3022.61,31.15,True,2023-08-17,3.78
PRD00850,Kadai Max,Home & Kitchen,Cookware,Brand14,SUP034,6757.78,9424.84,28.3,True,2018-07-10,16.34
PRD00851,Kadai Max,home & kitchen,Cookware,Brand23,SUP167,2951.16,4317.46,31.65,True,2018-03-18,13.7
PRD00852,Kadai Elite,Home & Kitchen,Cookware,Brand16,SUP173,745.93,1119.08,33.34,True,2018-12-14,7.83
PRD00853,Tawa,Home & Kitchen,Cookware,Brand39,SUP028,5769.92,8233.95,29.93,True,2019-08-22,9.7
PRD00854,Tawa Max,Home & Kitchen,Cookware,Brand50,SUP036,514.82,760.26,32.28,True,2023-09-21,8.69
PRD00855,Tawa Select,Home & Kitchen,Cookware,Brand26,SUP027,1435.61,2153.22,33.33,True,2021-08-10,16.71
PRD00856,Tawa Lite,Home & Kitchen,Cookware,Brand19,SUP107,3106.64,4335.36,28.34,True,2023-08-03,17.23
PRD00857,Tawa Select,Home & Kitchen,Cookware,Brand29,SUP019,7952.82,12284.92,35.26,True,2020-12-23,21.54
PRD00858,Tawa Pro,Home & Kitchen,Cookware,Brand06,SUP120,6779.92,9918.52,31.64,True,2021-07-02,12.52
PRD00859,Tawa Lite,Home & Kitchen,Cookware,Brand40,SUP020,5453.36,8368.31,34.83,True,2023-12-19,0.35
PRD00860,Tawa Classic,Home & Kitchen,Cookware,Brand03,SUP199,5215.82,7342.49,28.96,True,2018-07-21,23.72
PRD00861,Tawa Classic,Home & Kitchen,Cookware,Brand07,SUP129,8079.39,12457.87,35.15,True,2023-02-24,3.88
PRD00862,Tawa Plus,Home & Kitchen,Cookware,Brand09,SUP085,1082.77,1675.87,35.39,True,2020-04-04,0.61
PRD00863,Tawa Max,Home & Kitchen,Cookware,Brand46,SUP035,8202.04,12621.1,35.01,True,2019-10-12,11.39
PRD00864,Tawa Premium,Home & Kitchen,Cookware,Brand50,SUP157,180.44,274.37,34.23,True,2021-10-11,2.49
PRD00865,Non-stick Pan,Home & Kitchen,Cookware,Brand22,SUP031,2294.9,3375.7,32.02,True,2021-10-07,0.79
PRD00866,Non-stick Pan Eco,Home & Kitchen,Cookware,Brand29,SUP048,445.2,627.69,29.07,True,2022-09-18,10.14
PRD00867,Non-stick Pan Premium,Home & Kitchen,Cookware,Brand17,SUP191,1388.89,2019.07,31.21,True,2023-10-07,7.29
PRD00868,Non-stick Pan Pro,Home & Kitchen,Cookware,Brand03,SUP085,1242.46,1921.79,35.35,True,2018-02-22,13.13
PRD00869,Non-stick Pan Premium,Home & Kitchen,Cookware,Brand04,SUP022,5213.72,7541.02,30.86,True,2023-03-01,14.36
PRD00870,Non-stick Pan Classic,Home & Kitchen,Cookware,Brand41,SUP105,810.89,1138.35,28.77,True,2020-11-10,18.26
PRD00871,Non-stick Pan Pro,Home & Kitchen,Cookware,Brand31,SUP027,673.46,947.63,28.93,True,2021-09-11,1.72
PRD00872,Non-stick Pan Lite,Home & Kitchen,Cookware,Brand07,SUP108,4497.12,6722.83,33.11,True,2021-07-23,20.9
PRD00873,Non-stick Pan Elite,Home & Kitchen,Cookware,Brand49,SUP001,3621.44,5635.07,35.73,True,2018-12-17,2.21
PRD00874,Non-stick Pan Plus,Home & Kitchen,Cookware,Brand48,SUP112,3240.25,4634.85,30.09,True,2020-06-11,3.38
PRD00875,Non-stick Pan Elite,Home & Kitchen,Cookware,Brand03,SUP101,7139.47,9916.39,28.0,True,2020-03-10,1.75
PRD00876,Non-stick Pan Select,Home & Kitchen,Cookware,Brand01,SUP190,2714.27,3875.31,29.96,True,2021-02-08,16.07
PRD00877,Steel Utensil Set,Home & Kitchen,Cookware,Brand17,SUP168,6019.31,8612.26,30.11,True,2019-08-06,4.66
PRD00878,Steel Utensil Set Classic,Home & Kitchen,Cookware,Brand08,SUP157,3746.46,5315.22,29.51,True,2018-04-17,16.29
PRD00879,Steel Utensil Set Classic,Home & Kitchen,Cookware,Brand46,SUP164,6410.33,9238.23,30.61,True,2022-04-20,9.03
PRD00880,Steel Utensil Set Plus,Home & Kitchen,Cookware,Brand05,SUP110,2431.81,3543.89,31.38,False,2020-04-01,23.29
PRD00881,Steel Utensil Set Select,Home & Kitchen,Cookware,Brand18,SUP040,5728.97,8486.71,32.49,True,2021-11-18,15.1
PRD00882,Steel Utensil Set Pro,Home & Kitchen,Cookware,Brand35,SUP133,3869.56,5589.07,30.77,True,2023-07-11,10.76
PRD00883,Steel Utensil Set Max,Home & Kitchen,Cookware,Brand36,SUP119,3588.29,5600.14,35.92,True,2020-12-12,1.01
PRD00884,Steel Utensil Set Eco,Home & Kitchen,Cookware,Brand34,SUP138,4418.23,6744.47,34.49,True,2019-01-20,6.64
PRD00885,Steel Utensil Set Pro,Home & Kitchen,Cookware,Brand42,SUP044,5189.63,7732.74,32.89,True,2018-07-14,1.2
PRD00886,Steel Utensil Set Eco,Home & Kitchen,Cookware,Brand08,SUP196,3507.55,5339.2,34.31,True,2020-01-14,12.51
PRD00887,Steel Utensil Set Elite,Home & Kitchen,Cookware,Brand08,SUP169,4669.61,6622.44,29.49,True,2022-01-08,0.88
PRD00888,Steel Utensil Set Max,Home & Kitchen,Cookware,Brand38,SUP070,7000.7,9758.25,28.26,True,2020-11-07,3.97
PRD00889,Casserole,Home & Kitchen,Cookware,Brand10,SUP108,4463.44,6718.5,33.56,True,2020-11-06,14.17
PRD00890,Casserole Eco,Home & Kitchen,Cookware,Brand06,SUP171,1319.27,1942.33,32.08,True,2020-03-13,10.9
PRD00891,Casserole Select,Home & Kitchen,Cookware,Brand41,SUP164,7502.88,11020.6,31.92,True,2019-02-03,10.58
PRD00892,Casserole Max,Home & Kitchen,Cookware,Brand29,SUP194,5561.5,8517.54,34.71,True,2021-06-02,19.81
PRD00893,Casserole Elite,Home & Kitchen,Cookware,Brand47,SUP127,1490.52,2091.35,28.73,True,2023-03-11,20.85
PRD00894,Casserole Elite,Home & Kitchen,Cookware,Brand18,SUP060,1796.3,2619.86,31.44,True,2023-12-18,2.86
PRD00895,Casserole Pro,Home & Kitchen,Cookware,Brand45,SUP090,4047.99,5779.76,29.96,True,2018-06-20,11.39
PRD00896,Casserole Plus,Home & Kitchen,Cookware,Brand41,SUP094,6938.33,9717.15,28.6,False,2018-10-13,5.61
PRD00897,Casserole Pro,Home & Kitchen,Cookware,Brand02,SUP079,4953.03,6899.0,28.21,True,2022-08-18,18.77
PRD00898,Casserole Classic,Home & Kitchen,Cookware,Brand14,SUP152,616.47,936.29,34.16,True,2020-12-23,14.06
PRD00899,Casserole Elite,Home & Kitchen,Cookware,Brand17,SUP075,4230.36,6584.06,35.75,True,2023-11-26,22.7
PRD00900,Casserole Plus,Home & Kitchen,Cookware,Brand40,SUP064,8177.21,11525.87,29.05,True,2022-10-08,24.13
PRD00901,Container Set,Home & Kitchen,Kitchen Storage,Brand27,SUP121,1793.89,2637.94,32.0,True,2018-11-03,17.36
PRD00902,Container Set Pro,Home & Kitchen,Kitchen Storage,Brand36,SUP172,7021.51,10145.98,30.8,True,2018-01-26,3.9
PRD00903,Container Set Pro,Home & Kitchen,Kitchen Storage,Brand27,SUP071,5749.44,8460.86,32.05,True,2022-08-17,5.85
PRD00904,Container Set Elite,Home & Kitchen,Kitchen Storage,Brand06,SUP122,3206.58,4927.28,34.92,True,2021-11-23,14.52
PRD00905,Container Set Max,Home & Kitchen,Kitchen Storage,Brand22,SUP017,3405.74,4865.25,30.0,True,2023-06-13,18.68
PRD00906,Container Set Eco,Home & Kitchen,Kitchen Storage,Brand17,SUP093,3210.97,4682.04,31.42,True,2018-07-24,22.65
PRD00907,Container Set Lite,Home & Kitchen,Kitchen Storage,Brand15,SUP176,7282.72,10649.47,31.61,True,2021-06-20,12.42
PRD00908,Container Set Eco,home & kitchen,Kitchen Storage,Brand46,SUP021,5724.68,8697.52,34.18,True,2022-10-08,12.55
PRD00909,Container Set Pro,Home & Kitchen,Kitchen Storage,Brand26,SUP168,2798.16,4341.07,35.54,True,2020-02-18,13.05
PRD00910,Container Set Select,Home & Kitchen,Kitchen Storage,Brand18,SUP126,1182.23,1817.52,34.95,True,2020-05-15,17.58
PRD00911,Container Set Elite,Home & Kitchen,Kitchen Storage,Brand49,SUP065,7285.66,10177.33,28.41,True,2022-08-06,7.47
PRD00912,Container Set Premium,Home & Kitchen,Kitchen Storage,Brand24,SUP103,7241.51,10394.18,30.33,True,2022-05-18,18.85
PRD00913,Water Bottle,Home & Kitchen,Kitchen Storage,Brand14,SUP029,1541.55,2372.32,35.02,True,2018-05-06,3.5
PRD00914,Water Bottle Plus,Home & Kitchen,Kitchen Storage,Brand07,SUP076,5215.16,7509.33,30.55,True,2021-06-22,3.97
PRD00915,Water Bottle Premium,Home & Kitchen,Kitchen Storage,Brand09,SUP063,4653.98,7106.34,34.51,False,2019-01-15,4.95
PRD00916,Water Bottle Plus,Home & Kitchen,Kitchen Storage,Brand11,SUP092,6012.23,9349.95,35.7,True,2021-06-01,18.99
PRD00917,Water Bottle Max,Home & Kitchen,Kitchen Storage,Brand27,SUP187,3656.95,5676.23,35.57,True,2018-04-06,21.96
PRD00918,Water Bottle Eco,Home & Kitchen,Kitchen Storage,Brand27,SUP139,5741.68,8288.83,30.73,True,2022-04-03,0.66
PRD00919,Water Bottle Plus,Home & Kitchen,Kitchen Storage,Brand24,SUP186,1063.78,1545.29,31.16,True,2018-08-12,2.82
PRD00920,Water Bottle Eco,Home & Kitchen,Kitchen Storage,Brand20,SUP025,7573.7,11269.24,32.79,True,2021-11-24,14.42
PRD00921,Water Bottle Eco,home & kitchen,Kitchen Storage,Brand42,SUP161,4151.08,6414.61,35.29,True,2022-01-05,17.28
PRD00922,Water Bottle Lite,Home & Kitchen,Kitchen Storage,Brand39,SUP023,3938.03,5919.15,33.47,True,2019-12-14,6.91
PRD00923,Water Bottle Classic,Home & Kitchen,Kitchen Storage,Brand24,SUP020,5550.1,8405.91,33.97,True,2022-02-20,5.7
PRD00924,Water Bottle Classic,Home & Kitchen,Kitchen Storage,Brand14,SUP009,6130.71,9249.85,33.72,True,2021-05-07,18.43
PRD00925,Lunch Box,Home & Kitchen,Kitchen Storage,Brand21,SUP013,7876.44,12104.55,34.93,True,2021-09-16,2.96
PRD00926,Lunch Box Elite,Home & Kitchen,Kitchen Storage,Brand22,SUP097,503.67,766.88,34.32,True,2019-09-21,11.68
PRD00927,Lunch Box Pro,Home & Kitchen,Kitchen Storage,Brand49,SUP148,7182.87,10863.29,33.88,True,2023-01-18,0.61
PRD00928,Lunch Box Eco,Home & Kitchen,Kitchen Storage,Brand34,SUP067,8177.83,11697.33,30.09,True,2023-04-23,0.4
PRD00929,Lunch Box Plus,Home & Kitchen,Kitchen Storage,Brand19,SUP047,3721.64,5455.05,31.78,True,2021-01-09,14.52
PRD00930,Lunch Box Plus,Home & Kitchen,Kitchen Storage,Brand03,SUP180,7255.61,11024.08,34.18,False,2023-09-16,14.43
PRD00931,Lunch Box Premium,Home & Kitchen,Kitchen Storage,Brand09,SUP042,6516.56,9202.56,29.19,True,2022-01-13,18.32
PRD00932,Lunch Box Lite,Home & Kitchen,Kitchen Storage,Brand16,SUP014,5419.83,7707.91,29.68,True,2023-05-02,5.57
PRD00933,Lunch Box Plus,Home & Kitchen,Kitchen Storage,Brand16,SUP055,2913.86,4552.62,36.0,True,2018-03-03,6.92
PRD00934,Lunch Box Classic,Home & Kitchen,Kitchen Storage,Brand03,SUP101,8188.19,12338.51,33.64,True,2020-06-04,14.72
PRD00935,Lunch Box Elite,Home & Kitchen,Kitchen Storage,Brand45,SUP038,4238.4,6416.27,33.94,True,2019-09-14,6.54
PRD00936,Lunch Box Pro,Home & Kitchen,Kitchen Storage,Brand28,SUP009,6998.55,9758.73,28.28,True,2022-04-24,6.08
PRD00937,Rack System,Home & Kitchen,Kitchen Storage,Brand08,SUP028,6950.58,9738.57,28.63,True,2020-09-04,21.9
PRD00938,Rack System Max,Home & Kitchen,Kitchen Storage,Brand18,SUP022,1999.27,2923.77,31.62,True,2018-08-12,17.29
PRD00939,Rack System Eco,Home & Kitchen,Kitchen Storage,Brand31,SUP151,4803.3,7065.1,32.01,True,2023-01-15,16.17
PRD00940,Rack System Elite,Home & Kitchen,Kitchen Storage,Brand32,SUP040,5055.89,7377.09,31.46,True,2020-05-27,24.0
PRD00941,Rack System Eco,Home & Kitchen,Kitchen Storage,Brand38,SUP048,6795.27,10114.13,32.81,True,2019-09-07,0.19
PRD00942,Rack System Elite,Home & Kitchen,Kitchen Storage,Brand26,SUP135,7980.08,12260.22,34.91,True,2019-05-12,20.1
PRD00943,Rack System Premium,Home & Kitchen,Kitchen Storage,Brand13,SUP180,8246.09,11915.05,30.79,True,2019-01-11,0.53
PRD00944,Rack System Lite,Home & Kitchen,Kitchen Storage,Brand08,SUP165,1063.32,1522.8,30.17,True,2022-08-24,5.61
PRD00945,Rack System Max,Home & Kitchen,Kitchen Storage,Brand36,SUP083,1016.21,1412.99,28.08,True,2019-02-04,24.63
PRD00946,Rack System Plus,Home & Kitchen,Kitchen Storage,Brand43,SUP189,1152.5,1677.47,31.3,True,2019-07-22,6.91
PRD00947,Rack System Eco,Home & Kitchen,Kitchen Storage,Brand01,SUP041,158.3,230.84,31.42,True,2023-07-16,5.12
PRD00948,Rack System Eco,Home & Kitchen,Kitchen Storage,Brand04,SUP126,5815.06,8733.69,33.42,True,2023-03-22,6.65
PRD00949,Kitchen Organizer,Home & Kitchen,Kitchen Storage,Brand40,SUP011,1125.42,1695.41,33.62,False,2020-09-23,5.23
PRD00950,Kitchen Organizer Pro,Home & Kitchen,Kitchen Storage,Brand05,SUP004,2886.24,4309.48,33.03,False,2018-12-25,7.85
PRD00951,Kitchen Organizer Eco,Home & Kitchen,Kitchen Storage,Brand34,SUP101,5496.25,8576.35,35.91,True,2021-12-11,15.03
PRD00952,Kitchen Organizer Elite,Home & Kitchen,Kitchen Storage,Brand22,SUP084,7915.59,12048.88,34.3,True,2019-04-04,21.25
PRD00953,Kitchen Organizer Premium,Home & Kitchen,Kitchen Storage,Brand41,SUP191,2204.95,3326.97,33.73,True,2020-11-23,9.25
PRD00954,Kitchen Organizer Max,Home & Kitchen,Kitchen Storage,Brand22,SUP129,2737.32,4030.22,32.08,True,2022-05-12,22.3
PRD00955,Kitchen Organizer Eco,Home & Kitchen,Kitchen Storage,Brand34,SUP029,427.65,625.76,31.66,True,2023-01-23,5.65
PRD00956,Kitchen Organizer Premium,Home & Kitchen,Kitchen Storage,Brand45,SUP071,2998.05,4650.81,35.54,True,2021-08-13,1.56
PRD00957,Kitchen Organizer Lite,Home & Kitchen,Kitchen Storage,Brand23,SUP006,7376.64,11269.82,34.55,True,2019-06-04,18.07
PRD00958,Kitchen Organizer Elite,Home & Kitchen,Kitchen Storage,Brand32,SUP097,4652.38,6634.2,29.87,True,2023-05-13,12.4
PRD00959,Kitchen Organizer Eco,Home & Kitchen,Kitchen Storage,Brand31,SUP086,1488.56,2197.22,32.25,True,2018-08-24,7.85
PRD00960,Kitchen Organizer Lite,Home & Kitchen,Kitchen Storage,Brand42,SUP126,5250.16,7837.72,33.01,True,2022-07-17,11.29
PRD00961,Curtain Set,Home & Kitchen,Home Decor,Brand21,SUP015,3328.79,4826.59,31.03,True,2018-01-11,0.96
PRD00962,Curtain Set Pro,Home & Kitchen,Home Decor,Brand29,SUP134,2367.69,3588.24,34.02,True,2022-10-24,19.92
PRD00963,Curtain Set Plus,Home & Kitchen,Home Decor,Brand01,SUP184,932.58,1452.98,35.82,True,2021-05-09,15.0
PRD00964,Curtain Set Classic,Home & Kitchen,Home Decor,Brand01,SUP192,3073.62,4297.86,28.48,True,2018-05-17,13.19
PRD00965,Curtain Set Plus,Home & Kitchen,Home Decor,Brand01,SUP088,3831.08,5764.09,33.54,True,2019-08-25,11.01
PRD00966,Curtain Set Elite,Home & Kitchen,Home Decor,Brand45,SUP057,796.24,1213.59,34.39,True,2020-12-02,14.82
PRD00967,Curtain Set Eco,Home & Kitchen,Home Decor,Brand16,SUP162,7518.59,11293.09,33.42,True,2021-05-13,20.51
PRD00968,Curtain Set Pro,Home & Kitchen,Home Decor,Brand30,SUP179,3315.35,4790.14,30.79,True,2020-01-14,9.69
PRD00969,Curtain Set Plus,Home & Kitchen,Home Decor,Brand18,SUP101,3339.89,4939.46,32.38,True,2022-01-11,15.46
PRD00970,Curtain Set Pro,Home & Kitchen,Home Decor,Brand26,SUP020,628.77,941.88,33.24,True,2020-09-21,21.17
PRD00971,Curtain Set Pro,Home & Kitchen,Home Decor,Brand36,SUP133,3176.53,4578.21,30.62,True,2021-03-15,19.34
PRD00972,Curtain Set Select,Home & Kitchen,Home Decor,Brand08,SUP098,1677.18,2482.71,32.45,True,2020-04-14,9.55
PRD00973,Cushion Cover,Home & Kitchen,Home Decor,Brand27,SUP018,7316.53,11116.41,34.18,True,2023-11-22,4.28
PRD00974,Cushion Cover Pro,Home & Kitchen,Home Decor,Brand06,SUP146,2454.21,3541.67,30.7,True,2021-10-18,4.83
PRD00975,Cushion Cover Lite,Home & Kitchen,Home Decor,Brand33,SUP197,1137.25,1770.11,35.75,True,2023-06-01,14.4
PRD00976,Cushion Cover Eco,Home & Kitchen,Home Decor,Brand44,SUP146,4665.84,6491.13,28.12,True,2021-10-14,15.5
PRD00977,Cushion Cover Elite,Home & Kitchen,Home Decor,Brand21,SUP184,2224.37,3464.21,35.79,True,2018-03-18,24.59
PRD00978,Cushion Cover Max,Home & Kitchen,Home Decor,Brand50,SUP020,7404.37,11153.99,33.62,True,2022-04-17,2.09
PRD00979,Cushion Cover Eco,Home & Kitchen,Home Decor,Brand11,SUP078,1933.95,2816.72,31.34,True,2023-11-11,17.76
PRD00980,Cushion Cover Pro,Home & Kitchen,Home Decor,Brand17,SUP160,3444.06,4858.73,29.12,True,2019-08-06,2.9
PRD00981,Cushion Cover Lite,Home & Kitchen,Home Decor,Brand05,SUP018,1899.43,2933.3,35.25,True,2019-04-10,12.99
PRD00982,Cushion Cover Classic,Home & Kitchen,Home Decor,Brand29,SUP106,487.35,729.44,33.19,True,2022-04-12,8.82
PRD00983,Cushion Cover Select,Home & Kitchen,Home Decor,Brand02,SUP180,1972.52,2900.79,32.0,True,2019-12-03,1.67
PRD00984,Cushion Cover Pro,Home & Kitchen,Home Decor,Brand41,SUP146,5427.43,7886.67,31.18,True,2023-11-12,6.68
PRD00985,Bedsheet Set,Home & Kitchen,Home Decor,Brand32,SUP095,5073.9,7575.87,33.03,True,2019-10-06,3.95
PRD00986,Bedsheet Set Eco,Home & Kitchen,Home Decor,Brand01,SUP173,1140.45,1765.68,35.41,True,2021-05-10,13.22
PRD00987,Bedsheet Set Pro,Home & Kitchen,Home Decor,Brand24,SUP130,5781.28,8322.86,30.54,True,2022-10-22,24.68
PRD00988,Bedsheet Set Elite,Home & Kitchen,Home Decor,Brand31,SUP115,3140.21,4756.22,33.98,True,2021-01-21,22.16
PRD00989,Bedsheet Set Pro,Home & Kitchen,Home Decor,Brand15,SUP141,2969.75,4447.59,33.23,True,2021-02-22,10.56
PRD00990,Bedsheet Set Elite,Home & Kitchen,Home Decor,Brand09,SUP069,4263.26,6149.3,30.67,True,2019-02-09,24.37
PRD00991,Bedsheet Set Select,Home & Kitchen,Home Decor,Brand29,SUP055,2094.59,3163.3,33.78,True,2022-01-20,22.65
PRD00992,Bedsheet Set Premium,Home & Kitchen,Home Decor,Brand14,SUP053,4707.55,6587.93,28.54,True,2022-07-15,14.95
PRD00993,Bedsheet Set Premium,Home & Kitchen,Home Decor,Brand37,SUP185,3240.04,4923.41,34.19,True,2022-11-25,14.93
PRD00994,Bedsheet Set Premium,Home & Kitchen,Home Decor,Brand32,SUP086,7982.79,11236.01,28.95,True,2022-04-08,13.8
PRD00995,Bedsheet Set Elite,Home & Kitchen,Home Decor,Brand18,SUP067,3094.93,4781.51,35.27,True,2019-06-11,2.49
PRD00996,Bedsheet Set Premium,Home & Kitchen,Home Decor,Brand09,SUP105,4718.7,6970.3,32.3,True,2021-09-21,9.1
PRD00997,Pillow Cover,Home & Kitchen,Home Decor,Brand29,SUP165,2153.68,3344.73,35.61,True,2018-11-06,19.67
PRD00998,Pillow Cover Pro,home & kitchen,Home Decor,Brand49,SUP115,5857.39,9116.63,35.75,True,2019-12-09,15.77
PRD00999,Pillow Cover Pro,Home & Kitchen,Home Decor,Brand01,SUP115,4985.71,6966.82,28.44,True,2018-01-07,22.68
PRD01000,Pillow Cover Plus,Home & Kitchen,Home Decor,Brand42,SUP174,4343.7,6618.98,34.38,True,2022-11-24,18.58
PRD01001,Pillow Cover Max,Home & Kitchen,Home Decor,Brand30,SUP038,6165.67,9516.77,35.21,True,2021-09-13,20.31
PRD01002,Pillow Cover Eco,Home & Kitchen,Home Decor,Brand27,SUP108,571.96,794.5,28.01,True,2018-08-01,17.98
PRD01003,Pillow Cover Max,Home & Kitchen,Home Decor,Brand20,SUP106,2110.07,3283.67,35.74,False,2018-01-15,24.67
PRD01004,Pillow Cover Select,Home & Kitchen,Home Decor,Brand25,SUP119,8085.86,11667.6,30.7,True,2018-04-17,6.35
PRD01005,Pillow Cover Premium,Home & Kitchen,Home Decor,Brand01,SUP121,5102.31,7873.64,35.2,True,2019-06-04,4.24
PRD01006,Pillow Cover Premium,Home & Kitchen,Home Decor,Brand37,SUP053,5214.28,7325.64,28.82,True,2023-02-18,5.02
PRD01007,Pillow Cover Pro,Home & Kitchen,Home Decor,Brand49,SUP197,827.18,1179.26,29.86,True,2023-04-09,12.8
PRD01008,Pillow Cover Elite,Home & Kitchen,Home Decor,Brand12,SUP107,2502.05,3899.54,35.84,True,2020-01-04,9.63
PRD01009,Wall Art,Home & Kitchen,Home Decor,Brand30,SUP062,7087.37,9999.52,29.12,True,2020-11-01,6.91
PRD01010,Wall Art Plus,Home & Kitchen,Home Decor,Brand41,SUP177,636.74,923.0,31.01,True,2022-05-12,17.72
PRD01011,Wall Art Eco,Home & Kitchen,Home Decor,Brand16,SUP080,5534.25,7876.41,29.74,True,2021-05-13,5.77
PRD01012,Wall Art Elite,Home & Kitchen,Home Decor,Brand48,SUP152,8196.97,11532.79,28.92,True,2022-05-22,5.28
PRD01013,Wall Art Plus,Home & Kitchen,Home Decor,Brand38,SUP043,5268.41,7988.98,34.05,True,2019-12-09,12.05
PRD01014,Wall Art Max,Home & Kitchen,Home Decor,Brand39,SUP183,4791.23,7336.76,34.7,True,2022-08-13,8.45
PRD01015,Wall Art Premium,Home & Kitchen,Home Decor,Brand17,SUP162,2041.44,2838.56,28.08,True,2019-11-02,6.84
PRD01016,Wall Art Select,Home & Kitchen,Home Decor,Brand29,SUP032,498.3,745.19,33.13,True,2020-12-26,14.65
PRD01017,Wall Art Classic,Home & Kitchen,Home Decor,Brand41,SUP120,5646.0,8333.68,32.25,True,2023-06-19,5.82
PRD01018,Wall Art Eco,Home & Kitchen,Home Decor,Brand01,SUP059,5424.8,7884.11,31.19,True,2023-03-08,24.94
PRD01019,Wall Art Premium,Home & Kitchen,Home Decor,Brand43,SUP087,2708.49,3963.88,31.67,True,2019-06-18,3.35
PRD01020,Wall Art Max,Home & Kitchen,Home Decor,Brand34,SUP114,3562.37,5123.89,30.48,True,2018-04-20,3.99
PRD01021,Diya Set,Home & Kitchen,Home Decor,Brand39,SUP081,3559.69,5369.31,33.7,True,2018-07-20,8.55
PRD01022,Diya Set Elite,Home & Kitchen,Home Decor,Brand31,SUP042,6333.26,9570.67,33.83,True,2021-01-27,14.51
PRD01023,Diya Set Lite,Home & Kitchen,Home Decor,Brand43,SUP173,6697.75,10141.07,33.95,True,2023-02-05,14.7
PRD01024,Diya Set Lite,Home & Kitchen,Home Decor,Brand40,SUP005,3781.03,5606.99,32.57,True,2023-05-20,5.0
PRD01025,Diya Set Plus,Home & Kitchen,Home Decor,Brand26,SUP053,4472.89,6227.43,28.17,True,2021-03-18,9.02
PRD01026,Diya Set Premium,Home & Kitchen,Home Decor,Brand49,SUP197,181.51,255.37,28.92,True,2023-06-07,10.97
PRD01027,Diya Set Elite,Home & Kitchen,Home Decor,Brand04,SUP008,5733.86,8292.47,30.85,True,2020-08-09,4.16
PRD01028,Diya Set Max,HOME & KITCHEN,Home Decor,Brand14,SUP139,5481.49,8086.35,32.21,True,2021-05-22,23.9
PRD01029,Diya Set Elite,Home & Kitchen,Home Decor,Brand36,SUP157,1195.39,1841.08,35.07,True,2022-05-10,0.24
PRD01030,Diya Set Select,Home & Kitchen,Home Decor,Brand21,SUP123,8105.59,12071.24,32.85,False,2021-11-05,15.62
PRD01031,Diya Set Select,Home & Kitchen,Home Decor,Brand33,SUP196,4308.23,6557.09,34.3,True,2021-11-02,17.3
PRD01032,Diya Set Plus,Home & Kitchen,Home Decor,Brand10,SUP051,5942.02,8513.08,30.2,True,2019-02-15,3.48
PRD01033,Festive Decor,Home & Kitchen,Home Decor,Brand02,SUP048,5485.1,7708.19,28.84,True,2019-10-27,7.64
PRD01034,Festive Decor Eco,Home & Kitchen,Home Decor,Brand19,SUP154,1937.05,2750.48,29.57,True,2021-12-10,15.69
PRD01035,Festive Decor Select,Home & Kitchen,Home Decor,Brand29,SUP021,4046.92,6204.26,34.77,True,2019-09-23,11.69
PRD01036,Festive Decor Pro,Home & Kitchen,Home Decor,Brand10,SUP170,8146.11,12538.8,35.03,True,2022-08-15,12.9
PRD01037,Festive Decor Classic,Home & Kitchen,Home Decor,Brand27,SUP123,7060.43,10520.21,32.89,True,2018-05-25,17.82
PRD01038,Festive Decor Max,Home & Kitchen,Home Decor,Brand42,SUP187,548.49,844.77,35.07,False,2021-10-16,1.46
PRD01039,Festive Decor Lite,Home & Kitchen,Home Decor,Brand46,SUP137,2734.88,4083.82,33.03,True,2020-08-25,0.62
PRD01040,Festive Decor Elite,Home & Kitchen,Home Decor,Brand38,SUP017,2077.96,3133.18,33.68,True,2020-07-17,18.52
PRD01041,Festive Decor Classic,Home & Kitchen,Home Decor,Brand08,SUP155,5966.91,8367.21,28.69,True,2018-03-25,19.96
PRD01042,Festive Decor Premium,Home & Kitchen,Home Decor,Brand10,SUP038,1082.17,1605.45,32.59,True,2020-02-23,3.7
PRD01043,Festive Decor Eco,Home & Kitchen,Home Decor,Brand35,SUP007,5378.74,8387.4,35.87,True,2018-05-18,11.46
PRD01044,Festive Decor Select,HOME & KITCHEN,Home Decor,Brand24,SUP069,5488.4,8447.9,35.03,True,2021-01-02,19.7
PRD01045,Study Table,Home & Kitchen,Furniture,Brand20,SUP112,1160.83,1686.19,31.16,True,2019-09-17,7.85
PRD01046,Study Table Pro,Home & Kitchen,Furniture,Brand49,SUP005,1534.93,2359.79,34.95,True,2020-03-02,1.02
PRD01047,Study Table Premium,Home & Kitchen,Furniture,Brand37,SUP109,3323.24,5147.68,35.44,True,2020-05-12,6.99
PRD01048,Study Table Pro,Home & Kitchen,Furniture,Brand45,SUP087,3594.86,5113.04,29.69,True,2020-07-11,22.55
PRD01049,Study Table Pro,Home & Kitchen,Furniture,Brand07,SUP134,5347.92,7853.73,31.91,True,2023-06-08,21.96
PRD01050,Study Table Classic,Home & Kitchen,Furniture,Brand27,SUP004,576.78,830.05,30.51,True,2020-07-08,3.34
PRD01051,Study Table Eco,Home & Kitchen,Furniture,Brand48,SUP140,434.07,613.62,29.26,True,2021-11-11,17.74
PRD01052,Study Table Elite,Home & Kitchen,Furniture,Brand33,SUP115,1281.32,1835.94,30.21,True,2020-09-25,20.6
PRD01053,Study Table Select,Home & Kitchen,Furniture,Brand09,SUP168,1629.85,2286.92,28.73,True,2022-11-25,7.53
PRD01054,Study Table Pro,Home & Kitchen,Furniture,Brand42,SUP060,6954.37,10270.8,32.29,True,2021-01-03,23.93
PRD01055,Study Table Max,Home & Kitchen,Furniture,Brand18,SUP124,3590.39,5188.74,30.8,True,2020-03-02,3.06
PRD01056,Study Table Classic,Home & Kitchen,Furniture,Brand07,SUP096,6543.02,9678.35,32.4,True,2018-11-08,0.45
PRD01057,Chair,Home & Kitchen,Furniture,Brand43,SUP192,1888.57,2857.42,33.91,True,2023-08-09,25.0
PRD01058,Chair Lite,Home & Kitchen,Furniture,Brand13,SUP034,6378.2,9421.11,32.3,True,2019-03-15,0.44
PRD01059,Chair Select,Home & Kitchen,Furniture,Brand30,SUP105,7920.53,11752.37,32.6,True,2019-04-20,2.47
PRD01060,Chair Lite,Home & Kitchen,Furniture,Brand42,SUP090,4963.38,7437.51,33.27,True,2019-09-13,2.5
PRD01061,Chair Plus,Home & Kitchen,Furniture,Brand15,SUP140,992.12,1408.91,29.58,True,2020-06-06,24.82
PRD01062,Chair Select,Home & Kitchen,Furniture,Brand47,SUP187,1445.75,2151.25,32.8,True,2022-09-20,3.44
PRD01063,Chair Select,HOME & KITCHEN,Furniture,Brand05,SUP096,213.42,311.44,31.47,True,2020-06-25,22.01
PRD01064,Chair Classic,Home & Kitchen,Furniture,Brand08,SUP144,6780.72,10229.11,33.71,True,2018-10-18,9.3
PRD01065,Chair Max,Home & Kitchen,Furniture,Brand12,SUP128,3970.85,5832.04,31.91,True,2019-02-17,23.9
PRD01066,Chair Eco,Home & Kitchen,Furniture,Brand41,SUP171,4504.8,6809.91,33.85,True,2018-07-14,14.35
PRD01067,Chair Eco,Home & Kitchen,Furniture,Brand48,SUP071,446.75,689.96,35.25,True,2018-01-05,19.55
PRD01068,Chair Select,Home & Kitchen,Furniture,Brand41,SUP073,4988.42,7067.62,29.42,True,2020-05-11,13.08
PRD01069,Bookshelf,Home & Kitchen,Furniture,Brand22,SUP074,4031.36,5775.31,30.2,True,2023-04-25,13.8
PRD01070,Bookshelf Pro,Home & Kitchen,Furniture,Brand40,SUP080,6373.95,9151.23,30.35,False,2019-06-05,0.64
PRD01071,Bookshelf Elite,Home & Kitchen,Furniture,Brand39,SUP018,7820.41,12219.36,36.0,True,2018-09-21,8.37
PRD01072,Bookshelf Max,home & kitchen,Furniture,Brand02,SUP016,4210.99,6312.77,33.29,True,2021-07-06,11.15
PRD01073,Bookshelf Lite,Home & Kitchen,Furniture,Brand49,SUP135,4456.48,6740.45,33.88,True,2023-01-16,15.12
PRD01074,Bookshelf Classic,Home & Kitchen,Furniture,Brand35,SUP096,4559.12,6374.15,28.47,True,2022-01-24,16.84
PRD01075,Bookshelf Premium,Home & Kitchen,Furniture,Brand03,SUP109,3078.02,4284.4,28.16,True,2020-12-05,4.81
PRD01076,Bookshelf Classic,Home & Kitchen,Furniture,Brand39,SUP144,2003.17,3046.37,34.24,True,2020-09-03,2.27
PRD01077,Bookshelf Elite,Home & Kitchen,Furniture,Brand17,SUP147,3310.23,4620.92,28.36,True,2023-05-23,3.32
PRD01078,Bookshelf Eco,Home & Kitchen,Furniture,Brand20,SUP043,2310.46,3586.13,35.57,True,2021-06-15,7.7
PRD01079,Bookshelf Elite,Home & Kitchen,Furniture,Brand06,SUP136,4451.76,6220.77,28.44,True,2018-07-19,7.53
PRD01080,Bookshelf Premium,Home & Kitchen,Furniture,Brand46,SUP005,1929.72,2900.29,33.46,True,2019-08-24,22.35
PRD01081,Wardrobe,Home & Kitchen,Furniture,Brand07,SUP011,7552.41,10842.63,30.35,True,2020-12-24,1.01
PRD01082,Wardrobe Lite,Home & Kitchen,Furniture,Brand49,SUP023,5278.94,8152.73,35.25,True,2021-08-03,9.05
PRD01083,Wardrobe Max,Home & Kitchen,Furniture,Brand46,SUP132,205.72,320.68,35.85,False,2018-10-10,6.54
PRD01084,Wardrobe Select,Home & Kitchen,Furniture,Brand40,SUP082,7007.86,9909.85,29.28,True,2021-01-04,24.94
PRD01085,Wardrobe Pro,Home & Kitchen,Furniture,Brand19,SUP125,5149.96,7519.84,31.52,True,2023-01-22,15.44
PRD01086,Wardrobe Max,Home & Kitchen,Furniture,Brand36,SUP103,7340.77,10546.21,30.39,True,2020-01-27,24.61
PRD01087,Wardrobe Lite,Home & Kitchen,Furniture,Brand45,SUP004,4294.9,6371.4,32.59,True,2023-02-02,8.13
PRD01088,Wardrobe Pro,Home & Kitchen,Furniture,Brand38,SUP020,7410.6,11253.22,34.15,True,2022-04-11,20.24
PRD01089,Wardrobe Plus,Home & Kitchen,Furniture,Brand37,SUP190,2519.03,3786.8,33.48,True,2023-04-21,2.75
PRD01090,Wardrobe Lite,Home & Kitchen,Furniture,Brand03,SUP034,1255.37,1828.35,31.34,True,2023-12-02,20.97
PRD01091,Wardrobe Select,Home & Kitchen,Furniture,Brand45,SUP126,4264.51,6423.97,33.62,True,2021-09-01,12.47
PRD01092,Wardrobe Max,Home & Kitchen,Furniture,Brand19,SUP018,7838.02,11625.83,32.58,True,2018-01-09,17.65
PRD01093,Bed Frame,Home & Kitchen,Furniture,Brand04,SUP069,5768.73,8244.7,30.03,True,2020-12-19,20.51
PRD01094,Bed Frame Select,Home & Kitchen,Furniture,Brand03,SUP096,1940.14,2862.65,32.23,True,2019-03-22,19.43
PRD01095,Bed Frame Premium,Home & Kitchen,Furniture,Brand22,SUP034,1290.48,1909.23,32.41,True,2023-09-26,3.72
PRD01096,Bed Frame Max,Home & Kitchen,Furniture,Brand19,SUP085,3793.84,5763.34,34.17,True,2021-07-27,4.43
PRD01097,Bed Frame Lite,Home & Kitchen,Furniture,Brand24,SUP011,7725.35,11230.76,31.21,True,2021-07-27,22.8
PRD01098,Bed Frame Eco,Home & Kitchen,Furniture,Brand34,SUP113,8030.12,12542.23,35.98,True,2020-10-01,20.88
PRD01099,Bed Frame Eco,Home & Kitchen,Furniture,Brand19,SUP082,4170.48,6260.64,33.39,False,2020-01-12,10.27
PRD01100,Bed Frame Elite,Home & Kitchen,Furniture,Brand30,SUP062,1959.18,2797.97,29.98,True,2019-03-04,14.48
PRD01101,Bed Frame Select,Home & Kitchen,Furniture,Brand28,SUP185,1433.76,2115.5,32.23,True,2021-10-14,4.61
PRD01102,Bed Frame Lite,Home & Kitchen,Furniture,Brand34,SUP002,3892.37,5639.83,30.98,True,2020-09-12,5.97
PRD01103,Bed Frame Pro,home & kitchen,Furniture,Brand27,SUP045,2355.98,3288.74,28.36,True,2022-06-12,4.98
PRD01104,Bed Frame Eco,Home & Kitchen,Furniture,Brand20,SUP160,7142.18,9982.68,28.45,True,2023-11-04,6.72
PRD01105,Sofa,Home & Kitchen,Furniture,Brand33,SUP171,5004.24,7069.76,29.22,True,2020-08-07,20.6
PRD01106,Sofa Pro,Home & Kitchen,Furniture,Brand23,SUP051,3354.01,5074.75,33.91,True,2018-07-14,11.5
PRD01107,Sofa Plus,Home & Kitchen,Furniture,Brand40,SUP140,6758.8,10444.24,35.29,True,2021-11-18,7.27
PRD01108,Sofa Premium,Home & Kitchen,Furniture,Brand14,SUP039,6723.14,10320.24,34.85,True,2023-12-12,22.73
PRD01109,Sofa Elite,Home & Kitchen,Furniture,Brand18,SUP091,1112.36,1549.76,28.22,True,2021-09-26,6.44
PRD01110,Sofa Elite,Home & Kitchen,Furniture,Brand01,SUP168,2417.05,3611.78,33.08,True,2022-04-27,17.32
PRD01111,Sofa Premium,Home & Kitchen,Furniture,Brand05,SUP136,558.72,784.07,28.74,True,2023-11-12,5.09
PRD01112,Sofa Max,Home & Kitchen,Furniture,Brand36,SUP016,7224.59,10264.02,29.61,True,2022-05-14,5.65
PRD01113,Sofa Max,Home & Kitchen,Furniture,Brand35,SUP184,3210.01,4993.88,35.72,True,2023-12-07,17.85
PRD01114,Sofa Premium,Home & Kitchen,Furniture,Brand21,SUP173,4197.11,5946.16,29.41,True,2021-01-07,21.91
PRD01115,Sofa Select,Home & Kitchen,Furniture,Brand10,SUP129,3215.06,4604.06,30.17,True,2022-09-14,5.65
PRD01116,Sofa Classic,Home & Kitchen,Furniture,Brand17,SUP059,5702.63,8672.97,34.25,False,2023-10-04,14.76
PRD01117,Dining Table,Home & Kitchen,Furniture,Brand28,SUP110,5826.92,8324.82,30.01,True,2019-05-18,24.32
PRD01118,Dining Table Eco,Home & Kitchen,Furniture,Brand29,SUP187,3832.98,5736.77,33.19,True,2019-07-27,5.25
PRD01119,Dining Table Lite,Home & Kitchen,Furniture,Brand41,SUP116,6548.08,9245.14,29.17,True,2019-06-19,2.34
PRD01120,Dining Table Lite,Home & Kitchen,Furniture,Brand17,SUP052,5760.13,8575.32,32.83,True,2019-05-21,8.25
PRD01121,Dining Table Classic,Home & Kitchen,Furniture,Brand04,SUP092,7245.58,10373.15,30.15,True,2021-01-08,12.73
PRD01122,Dining Table Pro,Home & Kitchen,Furniture,Brand36,SUP052,2458.81,3498.59,29.72,True,2021-03-16,12.14
PRD01123,Dining Table Elite,Home & Kitchen,Furniture,Brand10,SUP059,2255.1,3434.33,34.34,True,2019-01-21,15.36
PRD01124,Dining Table Select,Home & Kitchen,Furniture,Brand25,SUP019,450.84,635.15,29.02,True,2022-04-01,4.69
PRD01125,Dining Table Premium,Home & Kitchen,Furniture,Brand02,SUP199,4912.84,7393.7,33.55,True,2018-11-03,13.59
PRD01126,Dining Table Pro,Home & Kitchen,Furniture,Brand39,SUP008,1138.84,1704.49,33.19,True,2023-02-08,0.83
PRD01127,Dining Table Pro,Home & Kitchen,Furniture,Brand03,SUP132,2808.18,4233.51,33.67,True,2020-05-06,17.68
PRD01128,Dining Table Max,Home & Kitchen,Furniture,Brand46,SUP085,5483.57,8097.89,32.28,True,2018-11-11,16.43
PRD01129,Mop & Bucket,Home & Kitchen,Cleaning & Utility,Brand48,SUP173,4874.8,6826.72,28.59,True,2019-09-17,23.63
PRD01130,Mop & Bucket Lite,Home & Kitchen,Cleaning & Utility,Brand10,SUP076,5512.72,8565.2,35.64,True,2021-01-14,9.12
PRD01131,Mop & Bucket Classic,Home & Kitchen,Cleaning & Utility,Brand21,SUP087,8126.32,11466.18,29.13,True,2023-10-27,22.13
PRD01132,Mop & Bucket Elite,Home & Kitchen,Cleaning & Utility,Brand22,SUP115,548.52,849.6,35.44,True,2021-11-22,14.44
PRD01133,Mop & Bucket Elite,Home & Kitchen,Cleaning & Utility,Brand10,SUP145,6996.59,9931.31,29.55,False,2020-03-19,7.47
PRD01134,Mop & Bucket Premium,Home & Kitchen,Cleaning & Utility,Brand09,SUP052,4657.48,6519.43,28.56,True,2021-02-06,5.8
PRD01135,Mop & Bucket Select,Home & Kitchen,Cleaning & Utility,Brand09,SUP146,1878.26,2802.65,32.98,True,2020-03-14,14.97
PRD01136,Mop & Bucket Pro,Home & Kitchen,Cleaning & Utility,Brand21,SUP177,2171.11,3364.07,35.46,True,2019-12-18,15.39
PRD01137,Mop & Bucket Eco,Home & Kitchen,Cleaning & Utility,Brand42,SUP163,7330.85,10248.4,28.47,True,2022-06-07,2.71
PRD01138,Mop & Bucket Elite,Home & Kitchen,Cleaning & Utility,Brand13,SUP057,7771.82,10967.12,29.14,True,2022-06-05,20.37
PRD01139,Mop & Bucket Premium,Home & Kitchen,Cleaning & Utility,Brand05,SUP080,4275.98,6557.01,34.79,True,2018-03-05,13.17
PRD01140,Mop & Bucket Classic,HOME & KITCHEN,Cleaning & Utility,Brand45,SUP163,249.49,379.39,34.24,True,2023-05-25,11.16
PRD01141,Broom Set,Home & Kitchen,Cleaning & Utility,Brand47,SUP080,3367.6,5194.47,35.17,True,2023-10-06,23.63
PRD01142,Broom Set Max,Home & Kitchen,Cleaning & Utility,Brand43,SUP038,7821.05,11730.82,33.33,True,2021-04-03,21.61
PRD01143,Broom Set Lite,Home & Kitchen,Cleaning & Utility,Brand07,SUP099,585.41,844.9,30.71,True,2020-08-26,14.03
PRD01144,Broom Set Lite,Home & Kitchen,Cleaning & Utility,Brand02,SUP161,7420.08,10634.21,30.22,True,2022-05-15,20.4
PRD01145,Broom Set Elite,Home & Kitchen,Cleaning & Utility,Brand49,SUP112,6952.28,10330.78,32.7,True,2022-02-10,0.16
PRD01146,Broom Set Plus,Home & Kitchen,Cleaning & Utility,Brand36,SUP060,2090.25,3172.4,34.11,True,2019-08-06,6.66
PRD01147,Broom Set Lite,Home & Kitchen,Cleaning & Utility,Brand13,SUP158,7823.22,11388.41,31.31,True,2020-11-20,24.06
PRD01148,Broom Set Classic,Home & Kitchen,Cleaning & Utility,Brand19,SUP029,4936.95,7338.92,32.73,True,2021-06-01,21.67
PRD01149,Broom Set Select,Home & Kitchen,Cleaning & Utility,Brand05,SUP043,3619.94,5318.49,31.94,True,2023-01-12,21.02
PRD01150,Broom Set Classic,Home & Kitchen,Cleaning & Utility,Brand11,SUP137,3849.91,5964.16,35.45,True,2022-04-15,17.34
PRD01151,Broom Set Select,Home & Kitchen,Cleaning & Utility,Brand46,SUP151,3326.03,5040.26,34.01,True,2022-01-16,14.47
PRD01152,Broom Set Eco,Home & Kitchen,Cleaning & Utility,Brand45,SUP020,2607.05,3930.84,33.68,True,2021-03-15,18.92
PRD01153,Dustbin,Home & Kitchen,Cleaning & Utility,Brand07,SUP090,7757.93,10965.7,29.25,True,2020-04-27,10.67
PRD01154,Dustbin Lite,Home & Kitchen,Cleaning & Utility,Brand23,SUP160,4465.25,6362.27,29.82,True,2023-10-01,6.14
PRD01155,Dustbin Eco,Home & Kitchen,Cleaning & Utility,Brand11,SUP139,8075.16,12600.22,35.91,True,2021-08-16,3.24
PRD01156,Dustbin Plus,Home & Kitchen,Cleaning & Utility,Brand09,SUP116,6778.44,10511.91,35.52,True,2020-02-10,1.72
PRD01157,Dustbin Lite,Home & Kitchen,Cleaning & Utility,Brand03,SUP003,2281.8,3560.96,35.92,True,2023-11-15,11.36
PRD01158,Dustbin Classic,Home & Kitchen,Cleaning & Utility,Brand09,SUP091,7694.57,10928.61,29.59,True,2022-03-19,0.75
PRD01159,Dustbin Plus,Home & Kitchen,Cleaning & Utility,Brand31,SUP073,2244.57,3438.33,34.72,True,2021-08-08,23.67
PRD01160,Dustbin Classic,Home & Kitchen,Cleaning & Utility,Brand47,SUP046,6040.73,8509.86,29.01,True,2021-03-11,18.16
PRD01161,Dustbin Select,Home & Kitchen,Cleaning & Utility,Brand36,SUP178,3188.45,4732.74,32.63,True,2019-01-10,10.54
PRD01162,Dustbin Select,Home & Kitchen,Cleaning & Utility,Brand23,SUP186,5803.44,8645.11,32.87,True,2021-01-22,20.62
PRD01163,Dustbin Elite,Home & Kitchen,Cleaning & Utility,Brand28,SUP017,2231.98,3251.49,31.36,True,2018-04-09,7.14
PRD01164,Dustbin Classic,Home & Kitchen,Cleaning & Utility,Brand17,SUP151,2239.15,3211.04,30.27,True,2021-12-07,5.24
PRD01165,Storage Box,Home & Kitchen,Cleaning & Utility,Brand26,SUP045,6840.9,9600.16,28.74,True,2021-07-24,15.64
PRD01166,Storage Box Eco,Home & Kitchen,Cleaning & Utility,Brand11,SUP152,8036.04,12357.59,34.97,True,2019-09-11,13.87
PRD01167,Storage Box Select,Home & Kitchen,Cleaning & Utility,Brand20,SUP081,2021.84,2879.24,29.78,True,2022-07-27,5.14
PRD01168,Storage Box Classic,Home & Kitchen,Cleaning & Utility,Brand35,SUP047,3323.05,5169.44,35.72,True,2021-03-03,22.35
PRD01169,Storage Box Classic,Home & Kitchen,Cleaning & Utility,Brand27,SUP057,5210.97,7728.35,32.57,True,2020-12-21,12.79
PRD01170,Storage Box Plus,Home & Kitchen,Cleaning & Utility,Brand47,SUP195,410.42,596.48,31.19,True,2020-06-17,20.06
PRD01171,Storage Box Pro,Home & Kitchen,Cleaning & Utility,Brand06,SUP126,5559.56,8526.99,34.8,True,2023-02-15,15.66
PRD01172,Storage Box Select,Home & Kitchen,Cleaning & Utility,Brand11,SUP066,1861.98,2721.54,31.58,True,2018-11-07,14.87
PRD01173,Storage Box Classic,Home & Kitchen,Cleaning & Utility,Brand20,SUP135,2571.53,3724.96,30.96,True,2020-04-26,10.77
PRD01174,Storage Box Premium,Home & Kitchen,Cleaning & Utility,Brand31,SUP047,8033.55,12051.96,33.34,True,2019-09-24,14.39
PRD01175,Storage Box Select,Home & Kitchen,Cleaning & Utility,Brand16,SUP190,3497.97,5340.06,34.5,True,2022-02-25,6.77
PRD01176,Storage Box Plus,Home & Kitchen,Cleaning & Utility,Brand09,SUP005,1251.25,1883.98,33.58,True,2023-02-07,5.3
PRD01177,Hanger Set,Home & Kitchen,Cleaning & Utility,Brand45,SUP002,7632.25,11368.15,32.86,True,2018-04-15,16.74
PRD01178,Hanger Set Pro,Home & Kitchen,Cleaning & Utility,Brand48,SUP036,3160.88,4419.15,28.47,True,2023-01-26,4.28
PRD01179,Hanger Set Max,Home & Kitchen,Cleaning & Utility,Brand20,SUP008,1390.26,1946.73,28.58,True,2018-02-04,18.29
PRD01180,Hanger Set Classic,Home & Kitchen,Cleaning & Utility,Brand11,SUP108,6897.74,10372.93,33.5,True,2022-08-21,14.23
PRD01181,Hanger Set Classic,Home & Kitchen,Cleaning & Utility,Brand42,SUP084,3110.87,4361.11,28.67,True,2023-07-27,23.36
PRD01182,Hanger Set Premium,Home & Kitchen,Cleaning & Utility,Brand18,SUP173,1714.25,2591.45,33.85,True,2020-04-27,18.18
PRD01183,Hanger Set Premium,Home & Kitchen,Cleaning & Utility,Brand22,SUP171,2300.96,3333.36,30.97,True,2022-10-09,11.87
PRD01184,Hanger Set Pro,Home & Kitchen,Cleaning & Utility,Brand26,SUP116,4948.88,7187.58,31.15,True,2018-02-11,22.88
PRD01185,Hanger Set Select,Home & Kitchen,Cleaning & Utility,Brand38,SUP190,2970.04,4242.81,30.0,True,2023-09-01,17.23
PRD01186,Hanger Set Pro,Home & Kitchen,Cleaning & Utility,Brand14,SUP188,3503.22,5259.23,33.39,True,2018-12-20,9.89
PRD01187,Hanger Set Classic,Home & Kitchen,Cleaning & Utility,Brand38,SUP167,1913.6,2802.25,31.71,True,2018-06-19,9.33
PRD01188,Hanger Set Elite,Home & Kitchen,Cleaning & Utility,Brand16,SUP065,8009.28,12351.93,35.16,True,2018-12-06,13.73
PRD01189,Laundry Basket,Home & Kitchen,Cleaning & Utility,Brand16,SUP154,7590.61,11671.16,34.96,False,2020-01-15,1.68
PRD01190,Laundry Basket Classic,Home & Kitchen,Cleaning & Utility,Brand11,SUP171,7751.79,11914.0,34.94,True,2022-08-22,11.94
PRD01191,Laundry Basket Select,Home & Kitchen,Cleaning & Utility,Brand05,SUP141,1691.23,2528.71,33.12,True,2021-04-19,20.72
PRD01192,Laundry Basket Lite,Home & Kitchen,Cleaning & Utility,Brand37,SUP096,1023.79,1488.11,31.2,True,2018-05-19,8.93
PRD01193,Laundry Basket Elite,Home & Kitchen,Cleaning & Utility,Brand32,SUP149,6886.54,10139.98,32.09,False,2018-01-02,22.61
PRD01194,Laundry Basket Classic,Home & Kitchen,Cleaning & Utility,Brand10,SUP105,7297.64,11134.76,34.46,True,2021-02-19,2.98
PRD01195,Laundry Basket Premium,Home & Kitchen,Cleaning & Utility,Brand09,SUP141,7402.32,10467.89,29.29,True,2023-06-11,13.89
PRD01196,Laundry Basket Elite,Home & Kitchen,Cleaning & Utility,Brand38,SUP110,8099.04,11400.2,28.96,True,2020-04-12,13.76
PRD01197,Laundry Basket Elite,Home & Kitchen,Cleaning & Utility,Brand32,SUP109,1806.38,2627.16,31.24,True,2021-03-23,10.29
PRD01198,Laundry Basket Plus,Home & Kitchen,Cleaning & Utility,Brand29,SUP054,3567.38,5244.11,31.97,True,2018-08-05,9.71
PRD01199,Laundry Basket Eco,Home & Kitchen,Cleaning & Utility,Brand22,SUP118,8033.77,11930.49,32.66,True,2021-02-12,11.25
PRD01200,Laundry Basket Pro,Home & Kitchen,Cleaning & Utility,Brand28,SUP134,5826.87,8147.98,28.49,True,2021-11-27,19.91
PRD01201,Moisturizer,Beauty & Personal Care,Skincare,Brand30,SUP105,1280.37,2827.13,54.71,True,2023-12-23,4.81
PRD01202,Moisturizer Classic,Beauty & Personal Care,Skincare,Brand35,SUP191,1783.03,5256.96,66.08,True,2022-05-18,7.43
PRD01203,Moisturizer Eco,Beauty & Personal Care,Skincare,Brand48,SUP186,281.31,809.37,65.24,True,2023-01-03,7.08
PRD01204,Moisturizer Eco,Beauty & Personal Care,Skincare,Brand49,SUP030,2096.63,5589.97,62.49,True,2020-07-22,5.93
PRD01205,Moisturizer Plus,Beauty & Personal Care,Skincare,Brand01,SUP042,2388.55,6200.54,61.48,True,2018-06-18,19.1
PRD01206,Moisturizer Lite,Beauty & Personal Care,Skincare,Brand40,SUP082,1955.02,4736.84,58.73,True,2023-09-21,7.76
PRD01207,Moisturizer Select,Beauty & Personal Care,Skincare,Brand44,SUP156,841.49,2032.78,58.6,True,2018-08-19,2.85
PRD01208,Moisturizer Eco,Beauty & Personal Care,Skincare,Brand05,SUP194,1974.85,5997.2,67.07,True,2018-07-06,2.07
PRD01209,Moisturizer Max,Beauty & Personal Care,Skincare,Brand33,SUP141,2359.9,6998.92,66.28,True,2021-06-18,16.49
PRD01210,Moisturizer Eco,Beauty & Personal Care,Skincare,Brand26,SUP005,2098.67,5589.29,62.45,True,2020-09-15,9.08
PRD01211,Moisturizer Premium,Beauty & Personal Care,Skincare,Brand21,SUP159,1146.35,3259.45,64.83,True,2018-05-07,19.86
PRD01212,Moisturizer Premium,Beauty & Personal Care,Skincare,Brand41,SUP021,1149.17,2640.86,56.48,True,2018-07-23,13.81
PRD01213,Sunscreen SPF50,Beauty & Personal Care,Skincare,Brand48,SUP154,1930.06,5579.95,65.41,True,2018-02-20,5.25
PRD01214,Sunscreen SPF50 Pro,Beauty & Personal Care,Skincare,Brand45,SUP180,2310.57,5563.25,58.47,True,2021-01-05,22.87
PRD01215,Sunscreen SPF50 Select,Beauty & Personal Care,Skincare,Brand01,SUP172,1407.66,2938.59,52.1,True,2022-11-17,17.06
PRD01216,Sunscreen SPF50 Eco,Beauty & Personal Care,Skincare,Brand13,SUP050,740.07,1902.93,61.11,True,2023-04-08,13.27
PRD01217,Sunscreen SPF50 Eco,Beauty & Personal Care,Skincare,Brand20,SUP002,1272.77,3899.46,67.36,True,2021-03-05,13.81
PRD01218,Sunscreen SPF50 Elite,Beauty & Personal Care,Skincare,Brand19,SUP148,321.91,844.46,61.88,True,2023-05-04,20.87
PRD01219,Sunscreen SPF50 Select,Beauty & Personal Care,Skincare,Brand38,SUP146,2043.74,5541.26,63.12,True,2019-06-02,5.0
PRD01220,Sunscreen SPF50 Eco,Beauty & Personal Care,Skincare,Brand12,SUP163,2311.96,6391.53,63.83,True,2018-09-04,6.5
PRD01221,Sunscreen SPF50 Elite,Beauty & Personal Care,Skincare,Brand16,SUP195,507.19,1059.28,52.12,True,2023-07-14,18.67
PRD01222,Sunscreen SPF50 Classic,Beauty & Personal Care,Skincare,Brand34,SUP068,1394.23,3861.86,63.9,True,2021-04-22,17.78
PRD01223,Sunscreen SPF50 Lite,Beauty & Personal Care,Skincare,Brand34,SUP175,1973.7,4321.61,54.33,True,2022-11-24,7.69
PRD01224,Sunscreen SPF50 Plus,Beauty & Personal Care,Skincare,Brand13,SUP111,654.53,1917.96,65.87,True,2020-09-25,11.44
PRD01225,Face Serum,Beauty & Personal Care,Skincare,Brand32,SUP145,1739.05,4927.13,64.7,True,2023-07-11,23.78
PRD01226,Face Serum Eco,Beauty & Personal Care,Skincare,Brand14,SUP057,1330.41,2792.7,52.36,True,2021-06-16,9.1
PRD01227,Face Serum Max,Beauty & Personal Care,Skincare,Brand43,SUP117,1354.03,2822.66,52.03,True,2020-03-12,12.21
PRD01228,Face Serum Eco,Beauty & Personal Care,Skincare,Brand03,SUP078,1602.05,4044.87,60.39,True,2023-03-03,19.34
PRD01229,Face Serum Eco,Beauty & Personal Care,Skincare,Brand22,SUP013,1656.82,4405.38,62.39,True,2020-10-02,7.54
PRD01230,Face Serum Eco,Beauty & Personal Care,Skincare,Brand21,SUP194,2445.86,6538.87,62.6,True,2019-08-08,4.14
PRD01231,Face Serum Classic,BEAUTY & PERSONAL CARE,Skincare,Brand33,SUP173,439.49,1209.66,63.67,True,2018-12-18,14.32
PRD01232,Face Serum Premium,Beauty & Personal Care,Skincare,Brand37,SUP018,1719.04,3807.28,54.85,True,2023-02-06,17.02
PRD01233,Face Serum Premium,Beauty & Personal Care,Skincare,Brand16,SUP125,893.47,1892.49,52.79,True,2023-10-24,12.77
PRD01234,Face Serum Select,Beauty & Personal Care,Skincare,Brand32,SUP093,1312.12,2738.34,52.08,True,2018-08-08,9.87
PRD01235,Face Serum Plus,Beauty & Personal Care,Skincare,Brand15,SUP103,1360.51,2848.13,52.23,True,2023-03-09,8.1
PRD01236,Face Serum Plus,Beauty & Personal Care,Skincare,Brand13,SUP084,980.87,2647.89,62.96,True,2020-04-09,23.72
PRD01237,Face Wash,Beauty & Personal Care,Skincare,Brand18,SUP061,2426.06,5264.29,53.91,True,2019-08-14,14.14
PRD01238,Face Wash Lite,Beauty & Personal Care,Skincare,Brand14,SUP185,1092.26,2502.94,56.36,True,2023-11-03,16.45
PRD01239,Face Wash Elite,Beauty & Personal Care,Skincare,Brand30,SUP049,1167.43,3157.01,63.02,True,2023-01-10,24.64
PRD01240,Face Wash Max,Beauty & Personal Care,Skincare,Brand37,SUP008,506.35,1101.66,54.04,True,2022-10-21,17.37
PRD01241,Face Wash Eco,Beauty & Personal Care,Skincare,Brand39,SUP062,394.37,1030.54,61.73,True,2023-09-04,19.55
PRD01242,Face Wash Pro,Beauty & Personal Care,Skincare,Brand42,SUP157,685.14,1442.73,52.51,True,2021-03-01,0.98
PRD01243,Face Wash Plus,Beauty & Personal Care,Skincare,Brand08,SUP094,1975.74,4919.09,59.84,True,2020-03-04,6.98
PRD01244,Face Wash Classic,Beauty & Personal Care,Skincare,Brand18,SUP069,1390.44,3114.79,55.36,True,2020-07-04,1.07
PRD01245,Face Wash Eco,Beauty & Personal Care,Skincare,Brand36,SUP094,152.87,360.57,57.6,True,2018-02-20,0.2
PRD01246,Face Wash Eco,Beauty & Personal Care,Skincare,Brand03,SUP019,131.9,293.9,55.12,False,2021-06-22,12.37
PRD01247,Face Wash Classic,Beauty & Personal Care,Skincare,Brand26,SUP089,1820.05,5057.27,64.01,True,2023-09-10,3.23
PRD01248,Face Wash Pro,Beauty & Personal Care,Skincare,Brand27,SUP119,942.0,2120.36,55.57,True,2020-12-21,6.92
PRD01249,Toner,Beauty & Personal Care,Skincare,Brand40,SUP158,1361.47,3193.13,57.36,False,2021-09-18,4.34
PRD01250,Toner Classic,Beauty & Personal Care,Skincare,Brand21,SUP140,1811.67,4654.55,61.08,True,2022-01-22,13.68
PRD01251,Toner Premium,Beauty & Personal Care,Skincare,Brand40,SUP042,1807.39,4368.06,58.62,True,2022-11-07,6.82
PRD01252,Toner Plus,Beauty & Personal Care,Skincare,Brand10,SUP183,467.34,1120.2,58.28,True,2021-10-08,16.67
PRD01253,Toner Pro,Beauty & Personal Care,Skincare,Brand40,SUP184,1027.0,2489.3,58.74,True,2023-08-03,2.66
PRD01254,Toner Max,Beauty & Personal Care,Skincare,Brand38,SUP017,2399.17,6461.15,62.87,True,2022-07-13,19.97
PRD01255,Toner Elite,Beauty & Personal Care,Skincare,Brand30,SUP081,2153.27,4871.36,55.8,True,2018-02-07,18.19
PRD01256,Toner Pro,Beauty & Personal Care,Skincare,Brand33,SUP086,623.9,1635.68,61.86,True,2019-10-24,21.39
PRD01257,Toner Eco,Beauty & Personal Care,Skincare,Brand28,SUP076,863.9,2393.7,63.91,True,2021-08-17,3.48
PRD01258,Toner Select,Beauty & Personal Care,Skincare,Brand15,SUP148,1051.8,2329.19,54.84,True,2018-05-22,13.79
PRD01259,Toner Elite,Beauty & Personal Care,Skincare,Brand46,SUP186,124.42,351.63,64.62,True,2023-05-27,14.7
PRD01260,Toner Lite,Beauty & Personal Care,Skincare,Brand16,SUP105,2384.93,7267.03,67.18,True,2023-03-21,22.42
PRD01261,Face Mask,Beauty & Personal Care,Skincare,Brand33,SUP151,992.44,2385.72,58.4,True,2022-08-24,18.06
PRD01262,Face Mask Classic,Beauty & Personal Care,Skincare,Brand48,SUP004,2371.22,5252.81,54.86,True,2018-07-03,14.24
PRD01263,Face Mask Eco,Beauty & Personal Care,Skincare,Brand33,SUP057,1006.69,2155.92,53.31,True,2022-07-19,4.56
PRD01264,Face Mask Select,Beauty & Personal Care,Skincare,Brand30,SUP066,398.28,872.61,54.36,True,2022-09-22,14.83
PRD01265,Face Mask Elite,Beauty & Personal Care,Skincare,Brand20,SUP039,1987.05,6137.48,67.62,True,2018-09-17,13.72
PRD01266,Face Mask Pro,Beauty & Personal Care,Skincare,Brand48,SUP193,511.05,1508.13,66.11,True,2019-07-06,9.75
PRD01267,Face Mask Pro,Beauty & Personal Care,Skincare,Brand04,SUP102,2121.64,5515.82,61.54,True,2020-11-11,10.15
PRD01268,Face Mask Plus,Beauty & Personal Care,Skincare,Brand44,SUP057,1628.41,4153.18,60.79,True,2018-05-01,7.68
PRD01269,Face Mask Eco,Beauty & Personal Care,Skincare,Brand09,SUP069,2185.29,5913.64,63.05,True,2020-04-26,15.89
PRD01270,Face Mask Premium,Beauty & Personal Care,Skincare,Brand08,SUP142,126.91,317.24,60.0,True,2018-10-21,1.0
PRD01271,Face Mask Classic,Beauty & Personal Care,Skincare,Brand38,SUP044,1953.99,5324.54,63.3,True,2019-07-04,6.05
PRD01272,Face Mask Premium,Beauty & Personal Care,Skincare,Brand09,SUP017,796.47,1857.05,57.11,True,2019-03-22,8.68
PRD01273,Eye Cream,Beauty & Personal Care,Skincare,Brand21,SUP016,2348.95,5317.1,55.82,True,2022-09-07,9.28
PRD01274,Eye Cream Classic,Beauty & Personal Care,Skincare,Brand21,SUP157,1272.99,3343.84,61.93,True,2020-09-15,5.56
PRD01275,Eye Cream Max,Beauty & Personal Care,Skincare,Brand21,SUP134,2156.07,5982.08,63.96,False,2022-01-10,11.06
PRD01276,Eye Cream Classic,Beauty & Personal Care,Skincare,Brand49,SUP166,1198.54,3327.4,63.98,True,2020-11-17,7.1
PRD01277,Eye Cream Eco,Beauty & Personal Care,Skincare,Brand41,SUP094,407.8,1250.33,67.38,True,2023-11-01,10.99
PRD01278,Eye Cream Plus,Beauty & Personal Care,Skincare,Brand06,SUP061,2315.16,5056.39,54.21,True,2018-11-22,17.41
PRD01279,Eye Cream Lite,Beauty & Personal Care,Skincare,Brand23,SUP088,195.8,537.51,63.57,True,2018-01-14,8.31
PRD01280,Eye Cream Classic,Beauty & Personal Care,Skincare,Brand19,SUP044,2402.17,5945.36,59.6,True,2022-07-01,15.5
PRD01281,Eye Cream Elite,Beauty & Personal Care,Skincare,Brand36,SUP097,654.37,1558.16,58.0,True,2021-02-05,12.69
PRD01282,Eye Cream Classic,Beauty & Personal Care,Skincare,Brand27,SUP096,836.37,2504.62,66.61,True,2023-12-23,1.51
PRD01283,Eye Cream Pro,Beauty & Personal Care,Skincare,Brand02,SUP039,785.22,1679.64,53.25,True,2023-04-17,13.36
PRD01284,Eye Cream Select,Beauty & Personal Care,Skincare,Brand42,SUP100,1438.7,3808.0,62.22,True,2021-07-08,24.42
PRD01285,Shampoo,Beauty & Personal Care,Haircare,Brand45,SUP183,144.29,345.07,58.19,True,2019-10-10,10.76
PRD01286,Shampoo Elite,Beauty & Personal Care,Haircare,Brand24,SUP022,2314.65,6685.47,65.38,True,2023-09-24,6.23
PRD01287,Shampoo Eco,Beauty & Personal Care,Haircare,Brand01,SUP159,1244.68,2619.03,52.48,True,2022-11-15,17.43
PRD01288,Shampoo Premium,Beauty & Personal Care,Haircare,Brand35,SUP015,145.1,355.46,59.18,True,2023-03-27,21.13
PRD01289,Shampoo Eco,Beauty & Personal Care,Haircare,Brand36,SUP175,1633.9,3915.48,58.27,True,2022-04-27,22.72
PRD01290,Shampoo Plus,Beauty & Personal Care,Haircare,Brand27,SUP043,1236.34,3393.3,63.57,True,2022-12-01,2.07
PRD01291,Shampoo Max,Beauty & Personal Care,Haircare,Brand20,SUP019,877.55,2633.85,66.68,True,2023-02-08,22.53
PRD01292,Shampoo Elite,Beauty & Personal Care,Haircare,Brand03,SUP182,1417.31,3355.99,57.77,True,2018-09-10,15.22
PRD01293,Shampoo Max,Beauty & Personal Care,Haircare,Brand14,SUP018,808.02,1720.97,53.05,True,2020-08-11,2.32
PRD01294,Shampoo Max,Beauty & Personal Care,Haircare,Brand40,SUP056,1466.53,4405.88,66.71,True,2023-07-18,24.87
PRD01295,Shampoo Select,Beauty & Personal Care,Haircare,Brand43,SUP111,147.63,426.15,65.36,True,2023-03-22,4.96
PRD01296,Shampoo Elite,Beauty & Personal Care,Haircare,Brand30,SUP143,1519.54,3595.55,57.74,True,2022-08-06,8.11
PRD01297,Conditioner,Beauty & Personal Care,Haircare,Brand38,SUP114,1665.98,4482.05,62.83,True,2018-06-19,0.86
PRD01298,Conditioner Eco,Beauty & Personal Care,Haircare,Brand19,SUP171,875.45,2159.87,59.47,True,2018-11-01,2.42
PRD01299,Conditioner Pro,Beauty & Personal Care,Haircare,Brand27,SUP148,708.62,2031.57,65.12,True,2020-01-15,3.37
PRD01300,Conditioner Premium,Beauty & Personal Care,Haircare,Brand30,SUP164,603.47,1357.95,55.56,True,2020-03-16,24.26
PRD01301,Conditioner Plus,Beauty & Personal Care,Haircare,Brand25,SUP051,823.92,2076.57,60.32,True,2022-12-20,5.12
PRD01302,Conditioner Select,Beauty & Personal Care,Haircare,Brand20,SUP137,1148.69,3279.98,64.98,True,2023-09-14,11.92
PRD01303,Conditioner Plus,Beauty & Personal Care,Haircare,Brand08,SUP029,1111.55,3224.7,65.53,True,2021-10-23,15.27
PRD01304,Conditioner Select,Beauty & Personal Care,Haircare,Brand18,SUP029,2378.75,6987.01,65.95,True,2023-09-07,15.29
PRD01305,Conditioner Pro,Beauty & Personal Care,Haircare,Brand05,SUP009,745.94,1983.52,62.39,True,2022-02-16,0.74
PRD01306,Conditioner Premium,Beauty & Personal Care,Haircare,Brand32,SUP151,1741.78,4347.48,59.94,True,2019-08-12,23.61
PRD01307,Conditioner Max,Beauty & Personal Care,Haircare,Brand03,SUP198,615.91,1656.27,62.81,True,2022-04-13,9.26
PRD01308,Conditioner Lite,Beauty & Personal Care,Haircare,Brand18,SUP138,339.16,798.57,57.53,True,2021-09-13,22.87
PRD01309,Hair Oil,Beauty & Personal Care,Haircare,Brand12,SUP042,1178.7,2546.93,53.72,True,2020-11-24,17.0
PRD01310,Hair Oil Plus,Beauty & Personal Care,Haircare,Brand20,SUP188,1459.78,3636.69,59.86,True,2021-11-05,7.65
PRD01311,Hair Oil Lite,Beauty & Personal Care,Haircare,Brand02,SUP053,479.63,1290.49,62.83,True,2018-12-27,12.24
PRD01312,Hair Oil Lite,Beauty & Personal Care,Haircare,Brand02,SUP091,1260.1,3537.06,64.37,True,2020-08-11,24.6
PRD01313,Hair Oil Max,Beauty & Personal Care,Haircare,Brand38,SUP156,1881.87,5837.2,67.76,True,2021-06-18,11.66
PRD01314,Hair Oil Eco,Beauty & Personal Care,Haircare,Brand13,SUP142,771.81,1945.23,60.32,True,2020-05-16,6.21
PRD01315,Hair Oil Max,Beauty & Personal Care,Haircare,Brand09,SUP109,774.36,1935.15,59.98,True,2023-04-10,0.83
PRD01316,Hair Oil Select,Beauty & Personal Care,Haircare,Brand21,SUP051,2097.63,5522.02,62.01,True,2019-01-26,9.58
PRD01317,Hair Oil Plus,Beauty & Personal Care,Haircare,Brand01,SUP160,392.21,847.97,53.75,True,2022-12-27,19.63
PRD01318,Hair Oil Premium,Beauty & Personal Care,Haircare,Brand17,SUP015,457.96,1415.35,67.64,True,2020-05-02,20.66
PRD01319,Hair Oil Premium,Beauty & Personal Care,Haircare,Brand40,SUP054,2468.49,6934.18,64.4,True,2020-08-22,14.97
PRD01320,Hair Oil Elite,Beauty & Personal Care,Haircare,Brand16,SUP069,2256.73,4890.56,53.86,True,2020-02-22,24.03
PRD01321,Hair Serum,Beauty & Personal Care,Haircare,Brand02,SUP153,778.69,1941.78,59.9,True,2019-03-17,11.82
PRD01322,Hair Serum Plus,Beauty & Personal Care,Haircare,Brand42,SUP046,944.97,2485.8,61.99,True,2019-07-20,19.47
PRD01323,Hair Serum Lite,Beauty & Personal Care,Haircare,Brand27,SUP041,2054.64,4601.59,55.35,True,2023-08-12,24.62
PRD01324,Hair Serum Plus,Beauty & Personal Care,Haircare,Brand43,SUP079,339.67,925.27,63.29,True,2018-03-13,21.34
PRD01325,Hair Serum Elite,Beauty & Personal Care,Haircare,Brand04,SUP146,2252.19,6616.26,65.96,True,2022-02-17,15.06
PRD01326,Hair Serum Plus,Beauty & Personal Care,Haircare,Brand03,SUP081,175.85,512.63,65.7,True,2019-07-26,24.8
PRD01327,Hair Serum Plus,Beauty & Personal Care,Haircare,Brand25,SUP038,1214.44,2689.13,54.84,True,2018-01-16,10.17
PRD01328,Hair Serum Pro,Beauty & Personal Care,Haircare,Brand44,SUP161,258.97,623.78,58.48,True,2022-03-05,9.87
PRD01329,Hair Serum Plus,Beauty & Personal Care,Haircare,Brand33,SUP102,311.56,942.54,66.94,True,2018-11-10,6.2
PRD01330,Hair Serum Premium,Beauty & Personal Care,Haircare,Brand24,SUP110,1439.74,3012.89,52.21,True,2023-07-10,16.1
PRD01331,Hair Serum Pro,Beauty & Personal Care,Haircare,Brand13,SUP183,613.58,1571.81,60.96,True,2021-03-26,22.18
PRD01332,Hair Serum Plus,Beauty & Personal Care,Haircare,Brand05,SUP026,878.63,2469.91,64.43,True,2022-06-04,16.99
PRD01333,Dry Shampoo,Beauty & Personal Care,Haircare,Brand27,SUP192,1198.56,3032.96,60.48,True,2018-11-17,15.63
PRD01334,Dry Shampoo Pro,Beauty & Personal Care,Haircare,Brand31,SUP076,181.07,431.68,58.06,True,2021-06-12,13.75
PRD01335,Dry Shampoo Plus,Beauty & Personal Care,Haircare,Brand03,SUP170,1460.38,3395.66,56.99,True,2018-05-06,15.79
PRD01336,Dry Shampoo Elite,Beauty & Personal Care,Haircare,Brand42,SUP196,1456.74,3501.28,58.39,False,2022-01-21,12.72
PRD01337,Dry Shampoo Elite,Beauty & Personal Care,Haircare,Brand35,SUP034,902.95,2482.69,63.63,True,2019-01-18,15.18
PRD01338,Dry Shampoo Plus,Beauty & Personal Care,Haircare,Brand23,SUP006,235.74,541.55,56.47,True,2021-01-21,6.64
PRD01339,Dry Shampoo Select,Beauty & Personal Care,Haircare,Brand39,SUP008,1757.94,5032.11,65.07,True,2022-12-03,17.46
PRD01340,Dry Shampoo Premium,Beauty & Personal Care,Haircare,Brand11,SUP112,2399.59,6181.07,61.18,True,2023-02-10,4.38
PRD01341,Dry Shampoo Select,Beauty & Personal Care,Haircare,Brand25,SUP094,1185.81,2871.35,58.7,True,2023-09-14,22.18
PRD01342,Dry Shampoo Select,beauty & personal care,Haircare,Brand01,SUP071,2036.25,4610.61,55.84,True,2021-04-15,5.36
PRD01343,Dry Shampoo Lite,Beauty & Personal Care,Haircare,Brand29,SUP175,1852.31,4967.66,62.71,True,2023-12-19,16.65
PRD01344,Dry Shampoo Eco,Beauty & Personal Care,Haircare,Brand24,SUP155,1661.75,4196.62,60.4,True,2022-10-14,3.25
PRD01345,Hair Mask,Beauty & Personal Care,Haircare,Brand18,SUP141,1757.39,4665.96,62.34,True,2020-08-26,21.52
PRD01346,Hair Mask Lite,Beauty & Personal Care,Haircare,Brand37,SUP128,1418.23,3411.38,58.43,True,2021-01-02,0.95
PRD01347,Hair Mask Elite,Beauty & Personal Care,Haircare,Brand31,SUP191,1436.43,3210.08,55.25,True,2022-03-12,17.25
PRD01348,Hair Mask Classic,Beauty & Personal Care,Haircare,Brand11,SUP153,2075.03,5180.0,59.94,True,2021-12-21,13.93
PRD01349,Hair Mask Elite,Beauty & Personal Care,Haircare,Brand26,SUP111,740.21,2060.16,64.07,True,2019-03-26,17.67
PRD01350,Hair Mask Lite,Beauty & Personal Care,Haircare,Brand15,SUP029,786.87,2148.39,63.37,True,2021-04-07,8.76
PRD01351,Hair Mask Eco,Beauty & Personal Care,Haircare,Brand41,SUP093,2335.8,5309.79,56.01,True,2022-01-04,5.19
PRD01352,Hair Mask Lite,BEAUTY & PERSONAL CARE,Haircare,Brand49,SUP078,498.39,1290.79,61.39,False,2023-02-08,4.02
PRD01353,Hair Mask Select,Beauty & Personal Care,Haircare,Brand11,SUP167,2416.44,5463.32,55.77,True,2021-08-07,16.79
PRD01354,Hair Mask Premium,Beauty & Personal Care,Haircare,Brand05,SUP184,301.04,631.24,52.31,True,2020-09-15,18.89
PRD01355,Hair Mask Select,Beauty & Personal Care,Haircare,Brand49,SUP110,841.5,2306.07,63.51,True,2020-02-18,18.74
PRD01356,Hair Mask Pro,Beauty & Personal Care,Haircare,Brand26,SUP027,674.59,1788.86,62.29,True,2023-08-11,23.68
PRD01357,Foundation,Beauty & Personal Care,Makeup,Brand05,SUP030,2197.69,5700.31,61.45,True,2018-08-03,24.43
PRD01358,Foundation Classic,Beauty & Personal Care,Makeup,Brand32,SUP117,578.29,1565.22,63.05,True,2021-12-16,15.68
PRD01359,Foundation Max,Beauty & Personal Care,Makeup,Brand37,SUP018,1440.75,3200.14,54.98,True,2018-03-12,6.33
PRD01360,Foundation Max,Beauty & Personal Care,Makeup,Brand47,SUP165,2011.29,4451.16,54.81,True,2023-04-09,3.52
PRD01361,Foundation Premium,Beauty & Personal Care,Makeup,Brand02,SUP164,2273.56,5989.44,62.04,True,2021-12-16,12.77
PRD01362,Foundation Pro,Beauty & Personal Care,Makeup,Brand14,SUP079,266.95,763.89,65.05,True,2021-06-26,12.4
PRD01363,Foundation Max,Beauty & Personal Care,Makeup,Brand43,SUP060,2275.94,5377.64,57.68,True,2019-03-03,24.65
PRD01364,Foundation Max,Beauty & Personal Care,Makeup,Brand27,SUP006,2364.1,5776.72,59.08,True,2021-04-19,17.49
PRD01365,Foundation Select,Beauty & Personal Care,Makeup,Brand46,SUP049,1331.62,2917.91,54.36,True,2018-01-03,3.74
PRD01366,Foundation Elite,Beauty & Personal Care,Makeup,Brand32,SUP035,116.95,277.22,57.81,True,2021-08-19,3.59
PRD01367,Foundation Premium,Beauty & Personal Care,Makeup,Brand33,SUP199,205.54,540.98,62.01,True,2021-09-22,1.98
PRD01368,Foundation Pro,Beauty & Personal Care,Makeup,Brand33,SUP080,1589.79,3450.56,53.93,True,2020-09-02,13.92
PRD01369,Lipstick,Beauty & Personal Care,Makeup,Brand06,SUP122,416.29,1122.62,62.92,True,2018-03-02,5.69
PRD01370,Lipstick Lite,Beauty & Personal Care,Makeup,Brand43,SUP003,2053.05,5858.33,64.96,True,2019-11-21,3.51
PRD01371,Lipstick Pro,Beauty & Personal Care,Makeup,Brand46,SUP060,1811.47,3900.65,53.56,True,2021-03-14,4.62
PRD01372,Lipstick Max,Beauty & Personal Care,Makeup,Brand28,SUP037,900.3,2475.66,63.63,True,2021-03-19,9.86
PRD01373,Lipstick Lite,Beauty & Personal Care,Makeup,Brand26,SUP032,507.48,1542.52,67.1,True,2021-03-10,23.58
PRD01374,Lipstick Lite,Beauty & Personal Care,Makeup,Brand12,SUP058,1740.53,4596.01,62.13,True,2018-02-01,1.87
PRD01375,Lipstick Pro,Beauty & Personal Care,Makeup,Brand09,SUP149,1500.75,4121.98,63.59,True,2022-11-21,19.64
PRD01376,Lipstick Pro,Beauty & Personal Care,Makeup,Brand19,SUP054,1754.47,3951.14,55.6,True,2023-12-22,24.22
PRD01377,Lipstick Elite,Beauty & Personal Care,Makeup,Brand33,SUP064,624.68,1457.73,57.15,True,2018-09-22,15.3
PRD01378,Lipstick Plus,Beauty & Personal Care,Makeup,Brand08,SUP176,778.66,2138.33,63.59,True,2023-11-24,12.5
PRD01379,Lipstick Elite,Beauty & Personal Care,Makeup,Brand11,SUP012,1099.47,2749.4,60.01,True,2020-11-22,4.16
PRD01380,Lipstick Lite,BEAUTY & PERSONAL CARE,Makeup,Brand41,SUP016,1688.76,4924.85,65.71,False,2020-09-26,9.96
PRD01381,Kajal,Beauty & Personal Care,Makeup,Brand14,SUP082,936.55,2612.58,64.15,True,2023-11-20,24.15
PRD01382,Kajal Premium,Beauty & Personal Care,Makeup,Brand44,SUP110,2464.81,7419.85,66.78,True,2019-07-26,13.41
PRD01383,Kajal Plus,Beauty & Personal Care,Makeup,Brand30,SUP050,1035.5,2238.84,53.75,True,2022-02-11,14.38
PRD01384,Kajal Select,Beauty & Personal Care,Makeup,Brand15,SUP121,134.39,411.3,67.33,False,2018-06-24,21.59
PRD01385,Kajal Pro,Beauty & Personal Care,Makeup,Brand23,SUP011,296.95,651.72,54.44,True,2019-09-02,13.79
PRD01386,Kajal Elite,Beauty & Personal Care,Makeup,Brand22,SUP014,989.07,2438.48,59.44,True,2018-05-02,2.97
PRD01387,Kajal Max,Beauty & Personal Care,Makeup,Brand16,SUP065,2421.78,5564.32,56.48,True,2018-08-25,19.76
PRD01388,Kajal Max,Beauty & Personal Care,Makeup,Brand21,SUP015,1542.37,4408.25,65.01,True,2023-09-01,12.25
PRD01389,Kajal Eco,Beauty & Personal Care,Makeup,Brand43,SUP018,704.56,1511.27,53.38,True,2018-11-27,12.1
PRD01390,Kajal Select,Beauty & Personal Care,Makeup,Brand41,SUP013,961.26,2509.38,61.69,True,2019-05-17,23.5
PRD01391,Kajal Premium,Beauty & Personal Care,Makeup,Brand50,SUP079,785.99,1872.66,58.03,True,2019-08-16,0.7
PRD01392,Kajal Elite,Beauty & Personal Care,Makeup,Brand33,SUP058,501.89,1319.21,61.96,True,2021-02-16,16.12
PRD01393,Eyeshadow Palette,Beauty & Personal Care,Makeup,Brand34,SUP197,2001.88,5668.48,64.68,True,2023-08-04,23.92
PRD01394,Eyeshadow Palette Premium,Beauty & Personal Care,Makeup,Brand02,SUP180,2214.37,5165.9,57.13,True,2021-12-21,13.16
PRD01395,Eyeshadow Palette Max,Beauty & Personal Care,Makeup,Brand45,SUP099,251.65,570.83,55.91,True,2018-12-08,11.37
PRD01396,Eyeshadow Palette Select,Beauty & Personal Care,Makeup,Brand33,SUP080,1345.9,3058.95,56.0,True,2022-11-11,18.63
PRD01397,Eyeshadow Palette Max,BEAUTY & PERSONAL CARE,Makeup,Brand39,SUP038,1804.84,4594.06,60.71,True,2018-03-18,17.36
PRD01398,Eyeshadow Palette Classic,Beauty & Personal Care,Makeup,Brand26,SUP075,2028.47,4497.38,54.9,True,2021-02-14,16.0
PRD01399,Eyeshadow Palette Lite,Beauty & Personal Care,Makeup,Brand11,SUP136,583.79,1390.27,58.01,True,2023-11-04,0.98
PRD01400,Eyeshadow Palette Plus,Beauty & Personal Care,Makeup,Brand31,SUP161,175.73,391.08,55.07,True,2018-12-02,10.15
PRD01401,Eyeshadow Palette Plus,Beauty & Personal Care,Makeup,Brand35,SUP012,184.45,481.85,61.72,True,2022-03-24,17.29
PRD01402,Eyeshadow Palette Elite,Beauty & Personal Care,Makeup,Brand39,SUP158,203.89,497.93,59.05,True,2019-09-17,1.48
PRD01403,Eyeshadow Palette Plus,Beauty & Personal Care,Makeup,Brand02,SUP157,2395.4,5298.58,54.79,True,2018-02-24,20.51
PRD01404,Eyeshadow Palette Classic,Beauty & Personal Care,Makeup,Brand23,SUP037,2263.25,5735.63,60.54,False,2020-11-25,12.45
PRD01405,Blush,Beauty & Personal Care,Makeup,Brand40,SUP039,1163.07,2925.42,60.24,True,2019-12-20,21.25
PRD01406,Blush Lite,Beauty & Personal Care,Makeup,Brand24,SUP015,88.41,195.28,54.73,True,2023-06-17,5.38
PRD01407,Blush Max,Beauty & Personal Care,Makeup,Brand11,SUP114,511.89,1355.32,62.23,True,2021-06-11,9.52
PRD01408,Blush Lite,Beauty & Personal Care,Makeup,Brand35,SUP122,154.51,351.68,56.07,True,2020-06-03,2.47
PRD01409,Blush Lite,Beauty & Personal Care,Makeup,Brand26,SUP034,1654.36,4331.01,61.8,True,2021-08-14,1.59
PRD01410,Blush Select,Beauty & Personal Care,Makeup,Brand22,SUP116,2296.5,4878.74,52.93,True,2018-04-05,23.13
PRD01411,Blush Lite,Beauty & Personal Care,Makeup,Brand33,SUP052,173.38,497.26,65.13,True,2019-05-10,20.73
PRD01412,Blush Elite,Beauty & Personal Care,Makeup,Brand18,SUP189,2142.66,4740.88,54.8,True,2019-12-18,8.71
PRD01413,Blush Elite,Beauty & Personal Care,Makeup,Brand38,SUP114,610.11,1786.87,65.86,False,2022-01-25,14.41
PRD01414,Blush Classic,Beauty & Personal Care,Makeup,Brand45,SUP069,1280.41,2676.97,52.17,True,2021-07-18,19.94
PRD01415,Blush Pro,Beauty & Personal Care,Makeup,Brand12,SUP070,1735.73,5217.95,66.74,True,2019-11-14,15.02
PRD01416,Blush Select,Beauty & Personal Care,Makeup,Brand40,SUP102,1773.32,4519.03,60.76,True,2019-05-03,15.89
PRD01417,Nail Polish Set,Beauty & Personal Care,Makeup,Brand17,SUP092,2210.49,5028.77,56.04,True,2019-04-12,2.79
PRD01418,Nail Polish Set Eco,Beauty & Personal Care,Makeup,Brand27,SUP111,2213.27,4948.6,55.27,False,2021-02-03,24.3
PRD01419,Nail Polish Set Plus,Beauty & Personal Care,Makeup,Brand40,SUP093,1667.31,3512.87,52.54,True,2021-10-19,12.53
PRD01420,Nail Polish Set Plus,Beauty & Personal Care,Makeup,Brand15,SUP027,560.84,1651.63,66.04,True,2019-09-21,17.68
PRD01421,Nail Polish Set Eco,Beauty & Personal Care,Makeup,Brand40,SUP062,2241.82,5057.05,55.67,True,2021-03-01,20.49
PRD01422,Nail Polish Set Plus,Beauty & Personal Care,Makeup,Brand28,SUP195,647.88,1709.8,62.11,True,2018-05-22,12.21
PRD01423,Nail Polish Set Plus,Beauty & Personal Care,Makeup,Brand38,SUP043,1705.42,4224.0,59.63,True,2018-02-10,11.55
PRD01424,Nail Polish Set Plus,Beauty & Personal Care,Makeup,Brand49,SUP124,1152.01,2520.23,54.29,False,2018-01-11,15.55
PRD01425,Nail Polish Set Premium,Beauty & Personal Care,Makeup,Brand37,SUP134,500.02,1266.87,60.53,True,2018-07-10,16.1
PRD01426,Nail Polish Set Lite,Beauty & Personal Care,Makeup,Brand43,SUP013,334.06,911.53,63.35,True,2018-06-08,0.4
PRD01427,Nail Polish Set Select,Beauty & Personal Care,Makeup,Brand31,SUP151,2441.42,6353.59,61.57,True,2023-07-22,8.55
PRD01428,Nail Polish Set Max,Beauty & Personal Care,Makeup,Brand18,SUP126,873.68,2016.24,56.67,True,2020-05-10,11.22
PRD01429,Compact Powder,Beauty & Personal Care,Makeup,Brand19,SUP072,812.25,1790.89,54.65,True,2020-03-20,5.15
PRD01430,Compact Powder Lite,Beauty & Personal Care,Makeup,Brand08,SUP073,155.75,361.04,56.86,True,2020-04-05,8.04
PRD01431,Compact Powder Pro,Beauty & Personal Care,Makeup,Brand03,SUP019,1813.21,4549.74,60.15,True,2018-11-03,15.91
PRD01432,Compact Powder Max,Beauty & Personal Care,Makeup,Brand37,SUP137,1975.02,4514.02,56.25,True,2019-10-09,24.91
PRD01433,Compact Powder Plus,Beauty & Personal Care,Makeup,Brand47,SUP036,584.08,1271.6,54.07,True,2018-03-18,14.46
PRD01434,Compact Powder Select,Beauty & Personal Care,Makeup,Brand06,SUP132,1876.35,5157.07,63.62,True,2023-05-25,15.59
PRD01435,Compact Powder Select,Beauty & Personal Care,Makeup,Brand01,SUP042,1326.12,3364.12,60.58,True,2020-05-18,8.37
PRD01436,Compact Powder Elite,Beauty & Personal Care,Makeup,Brand22,SUP193,1202.11,3178.58,62.18,True,2023-06-01,0.68
PRD01437,Compact Powder Premium,Beauty & Personal Care,Makeup,Brand42,SUP090,1729.4,4177.53,58.6,False,2019-11-11,18.43
PRD01438,Compact Powder Pro,Beauty & Personal Care,Makeup,Brand25,SUP191,2406.93,7108.15,66.14,True,2022-04-16,23.12
PRD01439,Compact Powder Plus,Beauty & Personal Care,Makeup,Brand12,SUP060,1021.8,3130.67,67.36,True,2018-07-25,7.85
PRD01440,Compact Powder Classic,Beauty & Personal Care,Makeup,Brand38,SUP050,1993.89,4402.22,54.71,True,2021-01-20,17.87
PRD01441,Shaving Kit,Beauty & Personal Care,Men's Grooming,Brand07,SUP014,1308.41,2947.37,55.61,True,2023-07-22,17.45
PRD01442,Shaving Kit Plus,Beauty & Personal Care,Men's Grooming,Brand25,SUP132,2064.46,4547.25,54.6,True,2022-03-05,15.89
PRD01443,Shaving Kit Classic,BEAUTY & PERSONAL CARE,Men's Grooming,Brand02,SUP173,2158.91,5767.35,62.57,True,2023-05-07,24.38
PRD01444,Shaving Kit Select,Beauty & Personal Care,Men's Grooming,Brand41,SUP163,1923.76,5826.97,66.99,True,2021-10-09,23.69
PRD01445,Shaving Kit Lite,Beauty & Personal Care,Men's Grooming,Brand19,SUP088,2139.46,5064.03,57.75,True,2019-06-24,0.36
PRD01446,Shaving Kit Plus,Beauty & Personal Care,Men's Grooming,Brand28,SUP058,1117.3,3394.55,67.09,True,2020-01-02,5.69
PRD01447,Shaving Kit Lite,Beauty & Personal Care,Men's Grooming,Brand09,SUP047,285.28,620.54,54.03,False,2019-02-26,3.18
PRD01448,Shaving Kit Classic,Beauty & Personal Care,Men's Grooming,Brand06,SUP099,989.93,2917.78,66.07,True,2020-04-16,5.34
PRD01449,Shaving Kit Classic,beauty & personal care,Men's Grooming,Brand19,SUP192,1838.24,4955.02,62.9,False,2018-05-23,8.11
PRD01450,Shaving Kit Plus,Beauty & Personal Care,Men's Grooming,Brand47,SUP154,399.18,1005.41,60.3,True,2018-05-12,16.93
PRD01451,Shaving Kit Elite,Beauty & Personal Care,Men's Grooming,Brand03,SUP031,1213.71,3608.02,66.36,True,2020-02-10,12.24
PRD01452,Shaving Kit Select,Beauty & Personal Care,Men's Grooming,Brand38,SUP028,1970.81,4592.48,57.09,True,2018-05-11,13.53
PRD01453,Beard Oil,Beauty & Personal Care,Men's Grooming,Brand46,SUP093,326.91,998.36,67.26,True,2022-02-04,12.64
PRD01454,Beard Oil Select,Beauty & Personal Care,Men's Grooming,Brand10,SUP049,832.87,2463.98,66.2,True,2019-05-03,18.34
PRD01455,Beard Oil Eco,Beauty & Personal Care,Men's Grooming,Brand44,SUP063,713.02,1905.2,62.57,True,2021-04-02,1.21
PRD01456,Beard Oil Select,Beauty & Personal Care,Men's Grooming,Brand18,SUP069,281.31,726.47,61.28,True,2019-02-26,3.06
PRD01457,Beard Oil Premium,Beauty & Personal Care,Men's Grooming,Brand01,SUP072,801.34,1980.75,59.54,True,2023-06-19,15.76
PRD01458,Beard Oil Select,Beauty & Personal Care,Men's Grooming,Brand39,SUP047,2015.32,5363.06,62.42,True,2020-08-19,14.25
PRD01459,Beard Oil Select,Beauty & Personal Care,Men's Grooming,Brand13,SUP012,1299.03,2905.39,55.29,False,2020-06-12,0.17
PRD01460,Beard Oil Elite,Beauty & Personal Care,Men's Grooming,Brand29,SUP008,1427.77,3886.62,63.26,False,2022-04-02,17.49
PRD01461,Beard Oil Eco,Beauty & Personal Care,Men's Grooming,Brand34,SUP166,2000.48,5478.25,63.48,True,2022-06-20,18.48
PRD01462,Beard Oil Pro,Beauty & Personal Care,Men's Grooming,Brand19,SUP093,245.7,522.9,53.01,True,2021-06-10,6.95
PRD01463,Beard Oil Eco,Beauty & Personal Care,Men's Grooming,Brand42,SUP015,1948.84,4428.11,55.99,True,2019-09-11,7.56
PRD01464,Beard Oil Classic,Beauty & Personal Care,Men's Grooming,Brand17,SUP041,75.58,170.87,55.77,True,2019-12-02,9.78
PRD01465,Men's Face Wash,Beauty & Personal Care,Men's Grooming,Brand40,SUP023,157.82,476.66,66.89,True,2023-11-09,17.32
PRD01466,Men's Face Wash Elite,Beauty & Personal Care,Men's Grooming,Brand21,SUP091,805.53,2384.03,66.21,True,2020-07-23,24.16
PRD01467,Men's Face Wash Premium,Beauty & Personal Care,Men's Grooming,Brand16,SUP159,227.57,515.95,55.89,True,2020-03-08,19.78
PRD01468,Men's Face Wash Elite,Beauty & Personal Care,Men's Grooming,Brand43,SUP169,604.96,1641.43,63.14,True,2021-06-06,3.45
PRD01469,Men's Face Wash Lite,Beauty & Personal Care,Men's Grooming,Brand03,SUP167,1859.1,4591.06,59.51,True,2023-03-23,11.01
PRD01470,Men's Face Wash Elite,Beauty & Personal Care,Men's Grooming,Brand10,SUP067,2367.72,5284.19,55.19,True,2023-04-14,3.23
PRD01471,Men's Face Wash Max,Beauty & Personal Care,Men's Grooming,Brand43,SUP173,802.31,2232.76,64.07,True,2020-06-18,18.51
PRD01472,Men's Face Wash Premium,Beauty & Personal Care,Men's Grooming,Brand50,SUP164,1088.32,2814.35,61.33,True,2019-05-17,13.77
PRD01473,Men's Face Wash Plus,Beauty & Personal Care,Men's Grooming,Brand26,SUP086,2159.93,5636.58,61.68,True,2018-03-04,0.76
PRD01474,Men's Face Wash Max,Beauty & Personal Care,Men's Grooming,Brand50,SUP050,1243.64,3201.88,61.16,True,2022-05-10,12.77
PRD01475,Men's Face Wash Select,Beauty & Personal Care,Men's Grooming,Brand41,SUP153,2413.05,5839.66,58.68,True,2021-10-16,5.53
PRD01476,Men's Face Wash Lite,Beauty & Personal Care,Men's Grooming,Brand10,SUP094,74.79,169.11,55.77,True,2020-10-11,21.15
PRD01477,Trimmer,Beauty & Personal Care,Men's Grooming,Brand10,SUP131,1405.14,2934.82,52.12,True,2023-09-26,7.82
PRD01478,Trimmer Max,Beauty & Personal Care,Men's Grooming,Brand49,SUP154,1792.62,5028.73,64.35,True,2018-01-11,20.97
PRD01479,Trimmer Eco,Beauty & Personal Care,Men's Grooming,Brand18,SUP062,1378.9,3538.76,61.03,True,2022-05-14,14.05
PRD01480,Trimmer Max,Beauty & Personal Care,Men's Grooming,Brand35,SUP152,1855.12,4585.77,59.55,True,2020-02-19,17.77
PRD01481,Trimmer Premium,Beauty & Personal Care,Men's Grooming,Brand10,SUP156,2049.59,5208.82,60.65,True,2022-10-06,19.82
PRD01482,Trimmer Pro,Beauty & Personal Care,Men's Grooming,Brand50,SUP129,1114.93,2785.15,59.97,False,2019-07-04,6.19
PRD01483,Trimmer Classic,Beauty & Personal Care,Men's Grooming,Brand29,SUP075,1815.15,5100.62,64.41,True,2019-07-01,17.08
PRD01484,Trimmer Select,BEAUTY & PERSONAL CARE,Men's Grooming,Brand41,SUP084,1546.42,3245.29,52.35,True,2022-02-18,15.08
PRD01485,Trimmer Max,Beauty & Personal Care,Men's Grooming,Brand35,SUP172,412.21,917.9,55.09,True,2023-06-16,16.2
PRD01486,Trimmer Lite,Beauty & Personal Care,Men's Grooming,Brand20,SUP122,1128.19,2393.62,52.87,True,2023-07-26,3.91
PRD01487,Trimmer Pro,Beauty & Personal Care,Men's Grooming,Brand11,SUP026,1285.59,3326.72,61.36,True,2019-06-19,16.21
PRD01488,Trimmer Classic,Beauty & Personal Care,Men's Grooming,Brand02,SUP033,710.27,1780.5,60.11,True,2018-04-09,24.15
PRD01489,After Shave,Beauty & Personal Care,Men's Grooming,Brand01,SUP069,1202.6,2577.2,53.34,True,2022-08-06,10.65
PRD01490,After Shave Lite,Beauty & Personal Care,Men's Grooming,Brand25,SUP093,703.23,1844.07,61.87,True,2018-06-12,15.31
PRD01491,After Shave Eco,Beauty & Personal Care,Men's Grooming,Brand15,SUP038,76.99,202.72,62.02,True,2020-07-27,5.85
PRD01492,After Shave Select,Beauty & Personal Care,Men's Grooming,Brand22,SUP011,2265.21,6799.87,66.69,True,2019-01-27,15.51
PRD01493,After Shave Classic,Beauty & Personal Care,Men's Grooming,Brand43,SUP184,1379.06,2907.86,52.57,False,2018-12-08,11.95
PRD01494,After Shave Elite,beauty & personal care,Men's Grooming,Brand10,SUP022,2222.91,6286.73,64.64,True,2020-11-15,4.44
PRD01495,After Shave Select,Beauty & Personal Care,Men's Grooming,Brand49,SUP142,1021.0,2687.9,62.01,False,2021-07-20,6.35
PRD01496,After Shave Select,Beauty & Personal Care,Men's Grooming,Brand10,SUP064,2143.15,5120.08,58.14,True,2020-10-07,14.37
PRD01497,After Shave Elite,Beauty & Personal Care,Men's Grooming,Brand20,SUP180,1914.89,5527.86,65.36,True,2018-06-12,5.0
PRD01498,After Shave Elite,Beauty & Personal Care,Men's Grooming,Brand03,SUP080,2224.97,6864.3,67.59,True,2022-10-08,15.92
PRD01499,After Shave Elite,Beauty & Personal Care,Men's Grooming,Brand50,SUP049,377.21,804.47,53.11,True,2021-09-13,23.76
PRD01500,After Shave Premium,Beauty & Personal Care,Men's Grooming,Brand44,SUP065,1123.73,3345.14,66.41,True,2020-10-18,19.3
PRD01501,Eau de Parfum,BEAUTY & PERSONAL CARE,Fragrances,Brand09,SUP158,948.47,2010.99,52.84,True,2021-07-21,14.63
PRD01502,Eau de Parfum Max,Beauty & Personal Care,Fragrances,Brand40,SUP008,271.56,569.03,52.28,True,2021-03-05,10.24
PRD01503,Eau de Parfum Classic,Beauty & Personal Care,Fragrances,Brand04,SUP070,2280.4,5039.06,54.75,True,2021-06-26,22.67
PRD01504,Eau de Parfum Classic,Beauty & Personal Care,Fragrances,Brand25,SUP062,1871.75,3924.54,52.31,True,2023-09-26,16.35
PRD01505,Eau de Parfum Plus,Beauty & Personal Care,Fragrances,Brand35,SUP189,331.02,830.63,60.15,True,2018-05-20,4.01
PRD01506,Eau de Parfum Plus,Beauty & Personal Care,Fragrances,Brand39,SUP015,906.13,2451.56,63.04,True,2021-07-25,11.89
PRD01507,Eau de Parfum Classic,Beauty & Personal Care,Fragrances,Brand13,SUP164,453.36,1272.3,64.37,True,2023-01-11,13.95
PRD01508,Eau de Parfum Plus,Beauty & Personal Care,Fragrances,Brand11,SUP044,1350.24,4066.46,66.8,False,2023-02-21,23.0
PRD01509,Eau de Parfum Select,Beauty & Personal Care,Fragrances,Brand41,SUP029,1016.18,2169.89,53.17,True,2023-12-15,20.26
PRD01510,Eau de Parfum Elite,Beauty & Personal Care,Fragrances,Brand22,SUP168,529.84,1396.65,62.06,True,2019-12-09,23.37
PRD01511,Eau de Parfum Eco,Beauty & Personal Care,Fragrances,Brand22,SUP079,1437.21,3614.0,60.23,True,2020-07-19,19.36
PRD01512,Eau de Parfum Classic,Beauty & Personal Care,Fragrances,Brand05,SUP045,1081.26,2467.67,56.18,True,2022-05-14,11.79
PRD01513,Deodorant,Beauty & Personal Care,Fragrances,Brand31,SUP026,1105.46,2983.09,62.94,True,2023-12-16,1.67
PRD01514,Deodorant Select,Beauty & Personal Care,Fragrances,Brand22,SUP077,2012.56,5276.91,61.86,True,2022-11-07,11.87
PRD01515,Deodorant Plus,Beauty & Personal Care,Fragrances,Brand37,SUP086,238.03,707.7,66.37,True,2022-05-22,10.85
PRD01516,Deodorant Select,Beauty & Personal Care,Fragrances,Brand47,SUP157,353.12,840.24,57.97,True,2023-08-06,4.94
PRD01517,Deodorant Max,Beauty & Personal Care,Fragrances,Brand30,SUP010,2185.55,4779.32,54.27,True,2020-03-19,23.99
PRD01518,Deodorant Classic,Beauty & Personal Care,Fragrances,Brand23,SUP120,1939.65,4822.43,59.78,True,2023-12-14,17.1
PRD01519,Deodorant Elite,Beauty & Personal Care,Fragrances,Brand43,SUP124,638.45,1358.98,53.02,True,2021-12-09,24.75
PRD01520,Deodorant Lite,Beauty & Personal Care,Fragrances,Brand04,SUP135,1594.87,4216.76,62.18,True,2023-11-15,7.8
PRD01521,Deodorant Premium,Beauty & Personal Care,Fragrances,Brand40,SUP118,1748.07,5042.61,65.33,True,2023-03-09,12.5
PRD01522,Deodorant Pro,Beauty & Personal Care,Fragrances,Brand12,SUP103,2032.78,4645.87,56.25,True,2022-03-23,3.68
PRD01523,Deodorant Premium,Beauty & Personal Care,Fragrances,Brand35,SUP028,875.69,2003.39,56.29,True,2022-02-13,3.39
PRD01524,Deodorant Plus,Beauty & Personal Care,Fragrances,Brand39,SUP086,1757.15,5470.08,67.88,True,2019-07-08,0.85
PRD01525,Body Mist,Beauty & Personal Care,Fragrances,Brand10,SUP136,500.42,1079.46,53.64,True,2022-01-21,23.73
PRD01526,Body Mist Pro,Beauty & Personal Care,Fragrances,Brand38,SUP121,1450.06,3604.11,59.77,True,2018-09-14,20.79
PRD01527,Body Mist Select,Beauty & Personal Care,Fragrances,Brand35,SUP113,2027.73,5889.81,65.57,True,2021-09-24,12.06
PRD01528,Body Mist Eco,Beauty & Personal Care,Fragrances,Brand26,SUP007,2440.48,7177.27,66.0,True,2018-01-21,2.87
PRD01529,Body Mist Lite,Beauty & Personal Care,Fragrances,Brand44,SUP024,1198.54,3127.52,61.68,True,2023-10-12,3.64
PRD01530,Body Mist Pro,Beauty & Personal Care,Fragrances,Brand29,SUP117,1679.68,3724.4,54.9,True,2023-08-18,16.97
PRD01531,Body Mist Max,Beauty & Personal Care,Fragrances,Brand25,SUP164,2066.66,5035.68,58.96,True,2019-09-08,12.74
PRD01532,Body Mist Lite,Beauty & Personal Care,Fragrances,Brand29,SUP001,1912.99,4008.87,52.28,True,2019-09-01,4.32
PRD01533,Body Mist Pro,beauty & personal care,Fragrances,Brand36,SUP016,2442.81,7628.15,67.98,True,2021-02-25,13.03
PRD01534,Body Mist Select,Beauty & Personal Care,Fragrances,Brand50,SUP108,152.45,415.97,63.35,True,2019-05-10,9.82
PRD01535,Body Mist Eco,Beauty & Personal Care,Fragrances,Brand48,SUP185,1804.27,4301.46,58.05,False,2022-07-23,19.34
PRD01536,Body Mist Elite,Beauty & Personal Care,Fragrances,Brand42,SUP156,1310.96,3273.23,59.95,True,2020-01-09,6.7
PRD01537,Attar,Beauty & Personal Care,Fragrances,Brand33,SUP103,1707.15,3782.07,54.86,True,2020-09-14,23.25
PRD01538,Attar Select,Beauty & Personal Care,Fragrances,Brand35,SUP078,2235.38,4963.61,54.96,True,2019-01-18,7.42
PRD01539,Attar Eco,Beauty & Personal Care,Fragrances,Brand41,SUP032,667.27,1622.47,58.87,False,2022-06-09,10.63
PRD01540,Attar Pro,Beauty & Personal Care,Fragrances,Brand17,SUP155,1477.29,3239.13,54.39,True,2023-05-21,12.17
PRD01541,Attar Eco,Beauty & Personal Care,Fragrances,Brand13,SUP199,1186.95,3119.51,61.95,True,2019-07-24,18.47
PRD01542,Attar Premium,BEAUTY & PERSONAL CARE,Fragrances,Brand09,SUP002,397.68,836.93,52.48,True,2023-12-15,24.22
PRD01543,Attar Premium,Beauty & Personal Care,Fragrances,Brand10,SUP039,420.4,1076.47,60.95,True,2019-05-24,2.63
PRD01544,Attar Plus,Beauty & Personal Care,Fragrances,Brand04,SUP082,668.28,1736.34,61.51,True,2021-01-08,7.4
PRD01545,Attar Eco,Beauty & Personal Care,Fragrances,Brand20,SUP087,619.01,1874.13,66.97,True,2021-01-19,2.63
PRD01546,Attar Pro,Beauty & Personal Care,Fragrances,Brand37,SUP025,239.98,664.92,63.91,True,2019-12-26,2.7
PRD01547,Attar Classic,Beauty & Personal Care,Fragrances,Brand15,SUP040,508.43,1236.47,58.88,True,2021-04-15,15.32
PRD01548,Attar Max,Beauty & Personal Care,Fragrances,Brand03,SUP028,1110.96,3100.31,64.17,True,2019-08-09,2.06
PRD01549,Gift Set,Beauty & Personal Care,Fragrances,Brand07,SUP189,898.12,2452.8,63.38,True,2022-06-18,6.18
PRD01550,Gift Set Eco,Beauty & Personal Care,Fragrances,Brand46,SUP135,2006.25,4501.46,55.43,True,2022-10-22,12.71
PRD01551,Gift Set Plus,Beauty & Personal Care,Fragrances,Brand31,SUP050,1157.25,2803.97,58.73,True,2022-03-08,15.81
PRD01552,Gift Set Plus,Beauty & Personal Care,Fragrances,Brand25,SUP107,1719.87,4622.9,62.8,True,2020-11-09,5.28
PRD01553,Gift Set Plus,Beauty & Personal Care,Fragrances,Brand02,SUP019,1381.58,3160.19,56.28,True,2018-10-27,11.42
PRD01554,Gift Set Max,Beauty & Personal Care,Fragrances,Brand14,SUP125,421.55,1207.51,65.09,True,2023-01-07,12.45
PRD01555,Gift Set Select,Beauty & Personal Care,Fragrances,Brand06,SUP048,874.93,2462.62,64.47,True,2023-09-24,22.39
PRD01556,Gift Set Classic,Beauty & Personal Care,Fragrances,Brand43,SUP029,620.69,1564.87,60.34,True,2020-09-08,6.12
PRD01557,Gift Set Plus,Beauty & Personal Care,Fragrances,Brand35,SUP157,2162.18,5328.39,59.42,True,2023-04-21,0.67
PRD01558,Gift Set Max,Beauty & Personal Care,Fragrances,Brand16,SUP138,318.16,700.64,54.59,True,2020-12-07,1.75
PRD01559,Gift Set Premium,Beauty & Personal Care,Fragrances,Brand41,SUP190,1698.64,3566.97,52.38,True,2023-05-17,16.46
PRD01560,Gift Set Plus,Beauty & Personal Care,Fragrances,Brand49,SUP164,1637.72,4948.88,66.91,True,2020-10-22,0.13
PRD01561,Dumbbell Set,Sports & Fitness,Exercise Equipment,Brand36,SUP094,3542.16,5853.59,39.49,True,2020-08-05,13.99
PRD01562,Dumbbell Set Premium,Sports & Fitness,Exercise Equipment,Brand18,SUP029,6078.3,10598.18,42.65,True,2019-08-20,12.68
PRD01563,Dumbbell Set Select,Sports & Fitness,Exercise Equipment,Brand40,SUP126,2650.08,3932.42,32.61,True,2021-02-25,16.53
PRD01564,Dumbbell Set Max,Sports & Fitness,Exercise Equipment,Brand23,SUP086,6142.53,9776.02,37.17,True,2023-08-26,20.49
PRD01565,Dumbbell Set Pro,Sports & Fitness,Exercise Equipment,Brand20,SUP198,3124.46,4715.02,33.73,True,2023-07-21,23.08
PRD01566,Dumbbell Set Eco,Sports & Fitness,Exercise Equipment,Brand28,SUP036,6408.59,11306.57,43.32,True,2020-05-06,4.77
PRD01567,Dumbbell Set Premium,Sports & Fitness,Exercise Equipment,Brand27,SUP140,6361.97,10596.14,39.96,True,2018-07-26,15.11
PRD01568,Dumbbell Set Elite,Sports & Fitness,Exercise Equipment,Brand45,SUP155,2750.92,4448.76,38.16,True,2023-06-17,7.05
PRD01569,Dumbbell Set Lite,sports & fitness,Exercise Equipment,Brand27,SUP182,3051.27,4613.24,33.86,True,2021-11-08,3.86
PRD01570,Dumbbell Set Select,Sports & Fitness,Exercise Equipment,Brand12,SUP067,1037.15,1735.79,40.25,True,2018-04-08,22.41
PRD01571,Dumbbell Set Eco,Sports & Fitness,Exercise Equipment,Brand29,SUP107,4073.39,6822.63,40.3,True,2019-01-23,8.81
PRD01572,Dumbbell Set Plus,sports & fitness,Exercise Equipment,Brand46,SUP037,5073.29,8190.59,38.06,False,2022-09-24,24.22
PRD01573,Resistance Bands,Sports & Fitness,Exercise Equipment,Brand41,SUP118,4933.04,7314.59,32.56,True,2021-01-24,14.18
PRD01574,Resistance Bands Premium,Sports & Fitness,Exercise Equipment,Brand15,SUP143,5649.18,9370.24,39.71,True,2023-09-14,10.15
PRD01575,Resistance Bands Eco,Sports & Fitness,Exercise Equipment,Brand22,SUP082,1016.47,1691.88,39.92,True,2023-10-21,6.14
PRD01576,Resistance Bands Select,Sports & Fitness,Exercise Equipment,Brand42,SUP071,4763.81,6930.74,31.27,True,2020-03-11,6.65
PRD01577,Resistance Bands Plus,Sports & Fitness,Exercise Equipment,Brand44,SUP052,6568.04,10576.35,37.9,True,2023-06-13,13.87
PRD01578,Resistance Bands Elite,Sports & Fitness,Exercise Equipment,Brand17,SUP008,5615.64,9946.33,43.54,True,2022-11-17,20.14
PRD01579,Resistance Bands Plus,SPORTS & FITNESS,Exercise Equipment,Brand19,SUP142,5866.13,9286.75,36.83,True,2019-01-10,21.81
PRD01580,Resistance Bands Select,Sports & Fitness,Exercise Equipment,Brand37,SUP032,2842.6,4381.64,35.12,True,2019-08-26,2.13
PRD01581,Resistance Bands Plus,Sports & Fitness,Exercise Equipment,Brand12,SUP112,2815.59,4578.03,38.5,True,2019-01-10,22.47
PRD01582,Resistance Bands Eco,Sports & Fitness,Exercise Equipment,Brand20,SUP152,2925.21,4601.69,36.43,True,2023-02-24,8.25
PRD01583,Resistance Bands Premium,Sports & Fitness,Exercise Equipment,Brand05,SUP169,6318.85,9735.98,35.1,True,2021-09-21,16.47
PRD01584,Resistance Bands Eco,Sports & Fitness,Exercise Equipment,Brand36,SUP023,4573.02,6878.31,33.52,True,2019-03-20,14.8
PRD01585,Yoga Mat,Sports & Fitness,Exercise Equipment,Brand28,SUP176,5740.92,9359.34,38.66,True,2019-12-11,1.17
PRD01586,Yoga Mat Classic,Sports & Fitness,Exercise Equipment,Brand34,SUP106,5410.84,7919.19,31.67,True,2018-09-24,2.45
PRD01587,Yoga Mat Select,Sports & Fitness,Exercise Equipment,Brand44,SUP044,4448.13,7287.72,38.96,True,2019-03-13,10.77
PRD01588,Yoga Mat Classic,Sports & Fitness,Exercise Equipment,Brand26,SUP135,2473.94,3866.28,36.01,True,2018-04-18,12.5
PRD01589,Yoga Mat Pro,Sports & Fitness,Exercise Equipment,Brand23,SUP194,1207.09,1877.85,35.72,True,2022-02-15,16.94
PRD01590,Yoga Mat Max,Sports & Fitness,Exercise Equipment,Brand16,SUP031,634.03,1120.35,43.41,True,2020-03-03,19.77
PRD01591,Yoga Mat Eco,Sports & Fitness,Exercise Equipment,Brand10,SUP048,1689.77,2586.71,34.67,True,2023-03-26,21.56
PRD01592,Yoga Mat Pro,Sports & Fitness,Exercise Equipment,Brand09,SUP155,5994.21,9549.09,37.23,True,2019-05-20,0.74
PRD01593,Yoga Mat Max,Sports & Fitness,Exercise Equipment,Brand07,SUP145,1053.3,1751.92,39.88,True,2018-07-19,3.57
PRD01594,Yoga Mat Classic,Sports & Fitness,Exercise Equipment,Brand38,SUP164,1080.86,1637.52,33.99,False,2019-11-25,21.92
PRD01595,Yoga Mat Classic,Sports & Fitness,Exercise Equipment,Brand10,SUP037,1329.85,2028.74,34.45,True,2022-10-26,20.71
PRD01596,Yoga Mat Pro,Sports & Fitness,Exercise Equipment,Brand45,SUP029,3939.01,5718.34,31.12,True,2022-08-02,17.74
PRD01597,Jump Rope,Sports & Fitness,Exercise Equipment,Brand30,SUP068,5336.67,9434.79,43.44,True,2021-10-19,23.03
PRD01598,Jump Rope Premium,Sports & Fitness,Exercise Equipment,Brand01,SUP097,4012.42,6075.25,33.95,True,2021-07-02,10.0
PRD01599,Jump Rope Max,Sports & Fitness,Exercise Equipment,Brand12,SUP114,6212.4,9943.31,37.52,True,2020-08-04,16.55
PRD01600,Jump Rope Plus,Sports & Fitness,Exercise Equipment,Brand31,SUP012,3963.34,6542.37,39.42,True,2018-06-05,2.54
PRD01601,Jump Rope Premium,Sports & Fitness,Exercise Equipment,Brand34,SUP178,4889.85,7250.86,32.56,True,2019-06-05,12.76
PRD01602,Jump Rope Select,Sports & Fitness,Exercise Equipment,Brand07,SUP051,4308.04,7371.1,41.56,True,2021-09-09,2.08
PRD01603,Jump Rope Lite,Sports & Fitness,Exercise Equipment,Brand45,SUP192,1143.19,1685.88,32.19,True,2020-10-21,9.35
PRD01604,Jump Rope Classic,Sports & Fitness,Exercise Equipment,Brand25,SUP030,4331.45,6369.48,32.0,True,2018-02-08,17.97
PRD01605,Jump Rope Elite,Sports & Fitness,Exercise Equipment,Brand04,SUP063,4493.08,7578.4,40.71,True,2023-12-23,18.53
PRD01606,Jump Rope Pro,Sports & Fitness,Exercise Equipment,Brand38,SUP147,3960.74,6257.6,36.71,True,2022-02-22,2.06
PRD01607,Jump Rope Select,Sports & Fitness,Exercise Equipment,Brand42,SUP031,3371.03,5561.48,39.39,True,2020-11-14,6.33
PRD01608,Jump Rope Pro,Sports & Fitness,Exercise Equipment,Brand40,SUP066,3553.21,5641.14,37.01,True,2019-09-13,1.36
PRD01609,Pull-up Bar,Sports & Fitness,Exercise Equipment,Brand25,SUP011,1617.69,2511.87,35.6,True,2019-09-24,13.64
PRD01610,Pull-up Bar Lite,Sports & Fitness,Exercise Equipment,Brand07,SUP172,1989.42,2917.28,31.81,True,2021-03-02,4.72
PRD01611,Pull-up Bar Plus,Sports & Fitness,Exercise Equipment,Brand48,SUP010,2197.86,3389.51,35.16,True,2019-11-10,3.45
PRD01612,Pull-up Bar Premium,Sports & Fitness,Exercise Equipment,Brand16,SUP151,953.35,1496.55,36.3,True,2018-06-14,2.02
PRD01613,Pull-up Bar Lite,Sports & Fitness,Exercise Equipment,Brand49,SUP158,5712.64,8748.47,34.7,True,2023-02-07,20.89
PRD01614,Pull-up Bar Eco,Sports & Fitness,Exercise Equipment,Brand28,SUP197,2470.71,3694.58,33.13,True,2020-12-20,21.92
PRD01615,Pull-up Bar Elite,Sports & Fitness,Exercise Equipment,Brand26,SUP089,4884.85,8053.93,39.35,True,2023-10-23,19.41
PRD01616,Pull-up Bar Select,Sports & Fitness,Exercise Equipment,Brand44,SUP115,3868.92,5895.66,34.38,True,2018-12-11,14.7
PRD01617,Pull-up Bar Premium,Sports & Fitness,Exercise Equipment,Brand06,SUP187,3761.08,5637.58,33.29,True,2019-01-01,17.34
PRD01618,Pull-up Bar Lite,Sports & Fitness,Exercise Equipment,Brand17,SUP179,1736.56,2695.19,35.57,True,2021-08-05,8.58
PRD01619,Pull-up Bar Lite,Sports & Fitness,Exercise Equipment,Brand42,SUP182,4608.97,6735.8,31.58,True,2023-12-26,10.39
PRD01620,Pull-up Bar Eco,Sports & Fitness,Exercise Equipment,Brand02,SUP024,2818.18,4167.75,32.38,True,2019-07-14,5.52
PRD01621,Foam Roller,Sports & Fitness,Exercise Equipment,Brand17,SUP051,4096.79,6147.25,33.36,True,2019-10-14,18.43
PRD01622,Foam Roller Elite,Sports & Fitness,Exercise Equipment,Brand49,SUP019,505.11,795.82,36.53,True,2018-10-02,3.75
PRD01623,Foam Roller Premium,Sports & Fitness,Exercise Equipment,Brand26,SUP097,3125.23,4667.84,33.05,True,2023-10-03,20.65
PRD01624,Foam Roller Plus,Sports & Fitness,Exercise Equipment,Brand16,SUP095,3110.64,5407.36,42.47,True,2021-06-05,20.04
PRD01625,Foam Roller Plus,Sports & Fitness,Exercise Equipment,Brand09,SUP147,4217.76,7218.27,41.57,True,2020-04-26,1.66
PRD01626,Foam Roller Plus,Sports & Fitness,Exercise Equipment,Brand16,SUP028,558.35,974.03,42.68,True,2021-04-18,4.89
PRD01627,Foam Roller Elite,Sports & Fitness,Exercise Equipment,Brand17,SUP157,3101.59,4997.36,37.94,True,2019-09-20,4.29
PRD01628,Foam Roller Lite,Sports & Fitness,Exercise Equipment,Brand23,SUP153,2023.6,3131.53,35.38,True,2022-10-24,17.03
PRD01629,Foam Roller Max,Sports & Fitness,Exercise Equipment,Brand08,SUP075,5555.82,9308.2,40.31,True,2023-12-16,4.21
PRD01630,Foam Roller Select,Sports & Fitness,Exercise Equipment,Brand21,SUP081,1251.38,2050.98,38.99,True,2022-04-14,4.78
PRD01631,Foam Roller Pro,Sports & Fitness,Exercise Equipment,Brand41,SUP037,1138.38,1673.68,31.98,True,2021-03-21,19.24
PRD01632,Foam Roller Lite,Sports & Fitness,Exercise Equipment,Brand48,SUP198,3426.06,5866.63,41.6,True,2022-07-18,3.1
PRD01633,Kettlebell,Sports & Fitness,Exercise Equipment,Brand42,SUP187,634.24,1057.2,40.01,True,2018-09-24,3.39
PRD01634,Kettlebell Plus,Sports & Fitness,Exercise Equipment,Brand43,SUP051,361.83,606.83,40.37,True,2021-06-10,6.04
PRD01635,Kettlebell Elite,Sports & Fitness,Exercise Equipment,Brand17,SUP012,5017.58,8657.07,42.04,True,2019-09-02,7.1
PRD01636,Kettlebell Premium,Sports & Fitness,Exercise Equipment,Brand13,SUP086,300.83,512.04,41.25,True,2022-05-23,24.01
PRD01637,Kettlebell Eco,Sports & Fitness,Exercise Equipment,Brand38,SUP071,2509.54,3698.57,32.15,True,2018-07-02,22.46
PRD01638,Kettlebell Classic,Sports & Fitness,Exercise Equipment,Brand22,SUP175,169.25,270.39,37.41,True,2021-09-24,18.39
PRD01639,Kettlebell Plus,Sports & Fitness,Exercise Equipment,Brand41,SUP063,2929.78,4553.19,35.65,True,2022-09-10,1.07
PRD01640,Kettlebell Lite,Sports & Fitness,Exercise Equipment,Brand02,SUP152,663.24,971.08,31.7,True,2018-09-22,21.15
PRD01641,Kettlebell Lite,Sports & Fitness,Exercise Equipment,Brand07,SUP187,4167.87,6845.23,39.11,True,2022-10-15,23.87
PRD01642,Kettlebell Pro,Sports & Fitness,Exercise Equipment,Brand37,SUP179,5763.53,8736.79,34.03,False,2018-10-01,4.34
PRD01643,Kettlebell Select,Sports & Fitness,Exercise Equipment,Brand01,SUP095,4627.84,7199.84,35.72,True,2023-06-11,13.02
PRD01644,Kettlebell Premium,Sports & Fitness,Exercise Equipment,Brand31,SUP161,3496.61,5560.15,37.11,True,2023-04-14,0.19
PRD01645,Cricket Kit,Sports & Fitness,Sports Gear,Brand14,SUP062,5693.7,8756.41,34.98,True,2023-03-04,6.71
PRD01646,Cricket Kit Eco,Sports & Fitness,Sports Gear,Brand22,SUP084,2418.61,4305.02,43.82,True,2019-02-11,1.47
PRD01647,Cricket Kit Max,Sports & Fitness,Sports Gear,Brand45,SUP005,5700.85,8286.59,31.2,True,2022-03-20,19.3
PRD01648,Cricket Kit Classic,Sports & Fitness,Sports Gear,Brand03,SUP042,4028.92,6552.13,38.51,True,2018-01-03,6.12
PRD01649,Cricket Kit Eco,Sports & Fitness,Sports Gear,Brand40,SUP129,3359.98,5024.96,33.13,True,2022-08-02,10.75
PRD01650,Cricket Kit Premium,Sports & Fitness,Sports Gear,Brand35,SUP160,5610.32,8728.19,35.72,True,2021-05-08,16.35
PRD01651,Cricket Kit Lite,SPORTS & FITNESS,Sports Gear,Brand29,SUP181,998.88,1727.62,42.18,True,2018-08-12,5.18
PRD01652,Cricket Kit Select,Sports & Fitness,Sports Gear,Brand30,SUP060,6348.31,10643.57,40.36,True,2023-02-12,4.82
PRD01653,Cricket Kit Classic,Sports & Fitness,Sports Gear,Brand23,SUP143,1126.67,1777.52,36.62,True,2022-09-17,20.83
PRD01654,Cricket Kit Plus,Sports & Fitness,Sports Gear,Brand46,SUP105,6556.91,10117.57,35.19,True,2022-09-10,5.55
PRD01655,Cricket Kit Elite,Sports & Fitness,Sports Gear,Brand25,SUP193,4430.24,7170.86,38.22,True,2022-11-11,21.65
PRD01656,Cricket Kit Eco,Sports & Fitness,Sports Gear,Brand11,SUP197,6420.33,10899.03,41.09,True,2018-10-12,5.99
PRD01657,Badminton Set,Sports & Fitness,Sports Gear,Brand21,SUP181,5960.23,9887.48,39.72,True,2019-05-13,17.87
PRD01658,Badminton Set Select,Sports & Fitness,Sports Gear,Brand07,SUP181,712.59,1229.34,42.03,True,2019-08-06,2.62
PRD01659,Badminton Set Premium,Sports & Fitness,Sports Gear,Brand05,SUP074,4262.29,6671.37,36.11,True,2018-04-15,5.85
PRD01660,Badminton Set Max,Sports & Fitness,Sports Gear,Brand08,SUP182,5161.87,8922.48,42.15,True,2020-11-08,6.06
PRD01661,Badminton Set Eco,Sports & Fitness,Sports Gear,Brand25,SUP189,5222.08,8095.15,35.49,True,2022-03-09,5.31
PRD01662,Badminton Set Lite,Sports & Fitness,Sports Gear,Brand34,SUP120,6460.7,9964.36,35.16,True,2022-03-07,3.62
PRD01663,Badminton Set Plus,Sports & Fitness,Sports Gear,Brand39,SUP077,3283.56,5265.67,37.64,True,2022-04-27,18.22
PRD01664,Badminton Set Plus,Sports & Fitness,Sports Gear,Brand31,SUP028,629.65,987.94,36.27,True,2021-05-16,8.81
PRD01665,Badminton Set Eco,Sports & Fitness,Sports Gear,Brand22,SUP150,2326.16,3999.73,41.84,True,2021-03-16,5.41
PRD01666,Badminton Set Max,Sports & Fitness,Sports Gear,Brand33,SUP133,4010.47,6203.37,35.35,True,2018-11-21,10.49
PRD01667,Badminton Set Plus,Sports & Fitness,Sports Gear,Brand37,SUP152,2083.24,3257.17,36.04,True,2021-08-25,11.46
PRD01668,Badminton Set Plus,Sports & Fitness,Sports Gear,Brand32,SUP025,4463.45,7055.68,36.74,True,2020-06-01,5.47
PRD01669,Football,Sports & Fitness,Sports Gear,Brand26,SUP166,2051.47,3617.48,43.29,True,2020-12-13,21.71
PRD01670,Football Lite,Sports & Fitness,Sports Gear,Brand43,SUP193,6356.5,10954.6,41.97,True,2019-04-17,16.44
PRD01671,Football Plus,Sports & Fitness,Sports Gear,Brand10,SUP121,1445.49,2437.66,40.7,True,2019-07-23,18.33
PRD01672,Football Elite,Sports & Fitness,Sports Gear,Brand41,SUP200,3565.88,6111.9,41.66,True,2020-10-06,12.63
PRD01673,Football Pro,Sports & Fitness,Sports Gear,Brand27,SUP120,899.43,1417.5,36.55,True,2018-10-18,15.39
PRD01674,Football Eco,Sports & Fitness,Sports Gear,Brand18,SUP147,486.4,717.82,32.24,True,2023-10-09,18.0
PRD01675,Football Pro,Sports & Fitness,Sports Gear,Brand05,SUP007,3867.83,6880.36,43.78,True,2021-03-09,1.27
PRD01676,Football Select,Sports & Fitness,Sports Gear,Brand35,SUP096,471.86,747.76,36.9,True,2022-06-24,9.49
PRD01677,Football Elite,Sports & Fitness,Sports Gear,Brand42,SUP180,6369.64,9441.55,32.54,True,2023-02-22,9.1
PRD01678,Football Elite,Sports & Fitness,Sports Gear,Brand22,SUP166,4746.76,7722.26,38.53,True,2023-11-12,22.58
PRD01679,Football Eco,Sports & Fitness,Sports Gear,Brand16,SUP125,2003.44,2989.53,32.98,True,2022-01-04,15.58
PRD01680,Football Classic,SPORTS & FITNESS,Sports Gear,Brand34,SUP075,3802.51,6305.4,39.69,True,2023-04-09,14.57
PRD01681,Carrom Board,Sports & Fitness,Sports Gear,Brand04,SUP181,2911.19,4632.61,37.16,True,2018-07-02,14.79
PRD01682,Carrom Board Eco,Sports & Fitness,Sports Gear,Brand12,SUP147,5013.33,7281.97,31.15,True,2020-06-10,16.26
PRD01683,Carrom Board Premium,Sports & Fitness,Sports Gear,Brand01,SUP140,1598.66,2328.08,31.33,True,2020-01-26,1.22
PRD01684,Carrom Board Pro,Sports & Fitness,Sports Gear,Brand35,SUP086,3561.87,5792.75,38.51,False,2021-01-18,8.13
PRD01685,Carrom Board Max,SPORTS & FITNESS,Sports Gear,Brand36,SUP200,5131.6,7710.75,33.45,True,2021-11-05,16.76
PRD01686,Carrom Board Plus,Sports & Fitness,Sports Gear,Brand18,SUP137,4899.57,7822.08,37.36,True,2018-06-21,10.29
PRD01687,Carrom Board Max,Sports & Fitness,Sports Gear,Brand34,SUP064,4678.04,7878.3,40.62,True,2022-02-14,5.03
PRD01688,Carrom Board Premium,Sports & Fitness,Sports Gear,Brand24,SUP177,5583.72,9888.89,43.54,True,2023-01-14,18.14
PRD01689,Carrom Board Select,Sports & Fitness,Sports Gear,Brand03,SUP193,4297.1,6519.1,34.08,True,2020-01-09,19.63
PRD01690,Carrom Board Classic,Sports & Fitness,Sports Gear,Brand15,SUP177,4368.29,7285.59,40.04,True,2020-12-07,2.34
PRD01691,Carrom Board Premium,Sports & Fitness,Sports Gear,Brand30,SUP018,954.59,1440.6,33.74,True,2020-08-24,13.18
PRD01692,Carrom Board Classic,Sports & Fitness,Sports Gear,Brand01,SUP121,6102.9,10046.68,39.25,True,2023-12-18,13.42
PRD01693,Chess Set,Sports & Fitness,Sports Gear,Brand39,SUP070,3063.17,4882.97,37.27,True,2021-05-02,3.24
PRD01694,Chess Set Classic,Sports & Fitness,Sports Gear,Brand45,SUP038,1760.57,2741.49,35.78,True,2019-10-07,13.69
PRD01695,Chess Set Max,Sports & Fitness,Sports Gear,Brand48,SUP197,4124.47,6643.55,37.92,True,2023-11-22,9.21
PRD01696,Chess Set Classic,Sports & Fitness,Sports Gear,Brand40,SUP167,3883.3,6027.08,35.57,True,2019-12-02,15.26
PRD01697,Chess Set Eco,Sports & Fitness,Sports Gear,Brand26,SUP102,4586.4,6651.17,31.04,True,2020-03-02,1.31
PRD01698,Chess Set Premium,Sports & Fitness,Sports Gear,Brand42,SUP087,4144.65,6760.3,38.69,True,2021-10-09,10.01
PRD01699,Chess Set Plus,Sports & Fitness,Sports Gear,Brand40,SUP025,6455.67,9549.5,32.4,True,2018-02-05,15.01
PRD01700,Chess Set Classic,Sports & Fitness,Sports Gear,Brand09,SUP073,5295.17,7722.23,31.43,True,2020-11-11,23.8
PRD01701,Chess Set Lite,SPORTS & FITNESS,Sports Gear,Brand23,SUP060,789.3,1243.04,36.5,True,2019-06-20,15.48
PRD01702,Chess Set Pro,Sports & Fitness,Sports Gear,Brand31,SUP066,5389.96,8456.96,36.27,True,2023-05-25,6.8
PRD01703,Chess Set Max,Sports & Fitness,Sports Gear,Brand40,SUP126,6505.75,11142.48,41.61,True,2022-07-12,18.56
PRD01704,Chess Set Select,Sports & Fitness,Sports Gear,Brand38,SUP177,4652.81,7822.1,40.52,True,2019-10-11,18.73
PRD01705,Table Tennis Set,Sports & Fitness,Sports Gear,Brand40,SUP058,4765.54,8192.97,41.83,True,2021-06-18,22.19
PRD01706,Table Tennis Set Premium,Sports & Fitness,Sports Gear,Brand50,SUP098,4293.12,7484.93,42.64,True,2020-03-15,11.43
PRD01707,Table Tennis Set Elite,Sports & Fitness,Sports Gear,Brand10,SUP076,1685.74,2561.79,34.2,True,2021-10-12,13.13
PRD01708,Table Tennis Set Select,Sports & Fitness,Sports Gear,Brand23,SUP069,2968.19,5127.65,42.11,True,2018-04-23,16.54
PRD01709,Table Tennis Set Plus,Sports & Fitness,Sports Gear,Brand39,SUP087,5024.63,7462.3,32.67,True,2019-05-05,18.87
PRD01710,Table Tennis Set Lite,Sports & Fitness,Sports Gear,Brand06,SUP190,1724.96,2625.18,34.29,True,2022-11-14,8.37
PRD01711,Table Tennis Set Eco,Sports & Fitness,Sports Gear,Brand48,SUP010,5143.44,7786.52,33.94,True,2019-12-07,1.94
PRD01712,Table Tennis Set Eco,Sports & Fitness,Sports Gear,Brand45,SUP135,3165.4,4814.54,34.25,True,2021-08-13,4.98
PRD01713,Table Tennis Set Elite,Sports & Fitness,Sports Gear,Brand06,SUP101,1290.49,1982.58,34.91,True,2019-11-19,23.04
PRD01714,Table Tennis Set Classic,Sports & Fitness,Sports Gear,Brand19,SUP034,1795.52,3103.28,42.14,True,2018-07-02,10.18
PRD01715,Table Tennis Set Select,Sports & Fitness,Sports Gear,Brand26,SUP123,5431.87,8908.12,39.02,True,2020-04-27,4.45
PRD01716,Table Tennis Set Lite,Sports & Fitness,Sports Gear,Brand46,SUP017,1785.57,2708.15,34.07,True,2022-09-26,1.41
PRD01717,Shuttle Cocks,Sports & Fitness,Sports Gear,Brand20,SUP091,5912.58,8667.64,31.79,True,2018-01-25,14.66
PRD01718,Shuttle Cocks Lite,Sports & Fitness,Sports Gear,Brand23,SUP121,1543.37,2359.82,34.6,False,2019-08-18,15.37
PRD01719,Shuttle Cocks Eco,Sports & Fitness,Sports Gear,Brand18,SUP195,5981.37,9524.34,37.2,True,2021-05-17,19.27
PRD01720,Shuttle Cocks Premium,sports & fitness,Sports Gear,Brand44,SUP095,1127.13,1737.76,35.14,True,2021-09-20,14.49
PRD01721,Shuttle Cocks Max,Sports & Fitness,Sports Gear,Brand47,SUP064,584.83,998.88,41.45,True,2018-02-19,15.15
PRD01722,Shuttle Cocks Eco,Sports & Fitness,Sports Gear,Brand36,SUP077,2607.97,4207.1,38.01,True,2021-03-03,11.03
PRD01723,Shuttle Cocks Plus,Sports & Fitness,Sports Gear,Brand18,SUP154,6101.45,9881.07,38.25,True,2023-06-14,3.0
PRD01724,Shuttle Cocks Lite,Sports & Fitness,Sports Gear,Brand40,SUP024,4902.3,8184.68,40.1,True,2019-07-05,24.12
PRD01725,Shuttle Cocks Select,Sports & Fitness,Sports Gear,Brand36,SUP144,691.49,1141.77,39.44,True,2018-11-02,13.96
PRD01726,Shuttle Cocks Elite,Sports & Fitness,Sports Gear,Brand50,SUP037,6567.28,10356.61,36.59,True,2018-06-25,21.93
PRD01727,Shuttle Cocks Premium,Sports & Fitness,Sports Gear,Brand45,SUP034,2227.02,3700.72,39.82,True,2022-09-05,1.92
PRD01728,Shuttle Cocks Premium,Sports & Fitness,Sports Gear,Brand12,SUP122,4108.53,6574.02,37.5,True,2019-05-14,9.82
PRD01729,Cycle,SPORTS & FITNESS,Cycling,Brand44,SUP093,2638.84,3909.65,32.5,True,2021-12-12,10.48
PRD01730,Cycle Select,Sports & Fitness,Cycling,Brand33,SUP015,4018.01,6577.77,38.92,True,2022-04-09,0.53
PRD01731,Cycle Classic,Sports & Fitness,Cycling,Brand37,SUP058,3074.26,4847.66,36.58,True,2019-12-09,9.61
PRD01732,Cycle Eco,Sports & Fitness,Cycling,Brand18,SUP123,4785.19,7029.82,31.93,True,2020-04-06,23.69
PRD01733,Cycle Select,Sports & Fitness,Cycling,Brand15,SUP030,6585.53,11285.45,41.65,True,2021-08-24,12.95
PRD01734,Cycle Pro,Sports & Fitness,Cycling,Brand41,SUP041,1275.68,1970.36,35.26,True,2023-09-13,18.79
PRD01735,Cycle Lite,Sports & Fitness,Cycling,Brand20,SUP115,5476.32,9272.94,40.94,True,2021-01-05,9.76
PRD01736,Cycle Classic,Sports & Fitness,Cycling,Brand39,SUP179,501.04,786.75,36.32,True,2019-07-01,22.45
PRD01737,Cycle Eco,Sports & Fitness,Cycling,Brand36,SUP128,5436.33,8742.51,37.82,True,2018-01-20,3.09
PRD01738,Cycle Pro,Sports & Fitness,Cycling,Brand32,SUP186,6475.16,9424.29,31.29,True,2019-03-02,2.12
PRD01739,Cycle Eco,Sports & Fitness,Cycling,Brand14,SUP066,3149.58,5616.44,43.92,True,2021-10-23,7.29
PRD01740,Cycle Select,Sports & Fitness,Cycling,Brand17,SUP082,3722.72,6572.38,43.36,True,2020-10-09,9.58
PRD01741,Helmet,Sports & Fitness,Cycling,Brand47,SUP002,2101.13,3593.14,41.52,True,2021-12-11,0.41
PRD01742,Helmet Elite,Sports & Fitness,Cycling,Brand06,SUP098,1259.51,1877.53,32.92,True,2021-07-03,9.63
PRD01743,Helmet Eco,Sports & Fitness,Cycling,Brand08,SUP137,1744.93,2600.34,32.9,True,2019-08-21,21.33
PRD01744,Helmet Max,Sports & Fitness,Cycling,Brand46,SUP055,4992.92,8207.55,39.17,True,2021-01-12,8.25
PRD01745,Helmet Classic,Sports & Fitness,Cycling,Brand40,SUP091,2279.52,3398.62,32.93,True,2018-12-24,12.49
PRD01746,Helmet Max,Sports & Fitness,Cycling,Brand18,SUP063,588.85,928.34,36.57,True,2023-05-20,12.94
PRD01747,Helmet Eco,Sports & Fitness,Cycling,Brand04,SUP102,4721.36,7920.87,40.39,False,2019-09-14,21.91
PRD01748,Helmet Classic,Sports & Fitness,Cycling,Brand47,SUP121,4075.77,6521.51,37.5,True,2019-04-25,22.58
PRD01749,Helmet Select,Sports & Fitness,Cycling,Brand49,SUP023,4550.42,6915.29,34.2,True,2022-07-07,12.88
PRD01750,Helmet Lite,Sports & Fitness,Cycling,Brand29,SUP065,5452.96,9431.48,42.18,True,2021-06-15,10.5
PRD01751,Helmet Premium,Sports & Fitness,Cycling,Brand39,SUP190,687.23,1020.21,32.64,True,2018-06-25,17.63
PRD01752,Helmet Classic,Sports & Fitness,Cycling,Brand39,SUP138,162.24,249.82,35.06,True,2020-08-13,5.13
PRD01753,Cycling Gloves,Sports & Fitness,Cycling,Brand26,SUP141,4798.8,7092.43,32.34,False,2019-01-04,21.75
PRD01754,Cycling Gloves Plus,Sports & Fitness,Cycling,Brand07,SUP071,1273.79,1948.25,34.62,True,2022-05-26,16.64
PRD01755,Cycling Gloves Premium,Sports & Fitness,Cycling,Brand03,SUP172,3570.43,5905.07,39.54,True,2023-07-08,15.74
PRD01756,Cycling Gloves Plus,Sports & Fitness,Cycling,Brand39,SUP022,1440.38,2327.59,38.12,True,2023-05-19,17.94
PRD01757,Cycling Gloves Plus,Sports & Fitness,Cycling,Brand33,SUP083,1564.73,2572.61,39.18,True,2022-12-02,5.14
PRD01758,Cycling Gloves Eco,Sports & Fitness,Cycling,Brand23,SUP199,1072.93,1601.57,33.01,True,2023-09-19,9.47
PRD01759,Cycling Gloves Select,Sports & Fitness,Cycling,Brand33,SUP127,2201.62,3785.78,41.85,True,2020-11-14,4.79
PRD01760,Cycling Gloves Premium,Sports & Fitness,Cycling,Brand19,SUP034,3259.03,5411.07,39.77,True,2023-01-13,21.48
PRD01761,Cycling Gloves Pro,Sports & Fitness,Cycling,Brand06,SUP152,3127.76,4916.88,36.39,True,2020-12-05,14.74
PRD01762,Cycling Gloves Classic,Sports & Fitness,Cycling,Brand29,SUP131,1064.94,1611.3,33.91,True,2019-05-19,7.6
PRD01763,Cycling Gloves Plus,Sports & Fitness,Cycling,Brand05,SUP176,699.96,1117.48,37.36,True,2021-02-17,11.26
PRD01764,Cycling Gloves Eco,Sports & Fitness,Cycling,Brand45,SUP116,6249.98,9234.97,32.32,True,2022-12-05,3.98
PRD01765,Cycle Lock,Sports & Fitness,Cycling,Brand44,SUP167,6094.47,9239.39,34.04,True,2021-10-17,5.45
PRD01766,Cycle Lock Pro,Sports & Fitness,Cycling,Brand12,SUP184,2904.42,5113.44,43.2,True,2023-03-02,13.33
PRD01767,Cycle Lock Eco,Sports & Fitness,Cycling,Brand50,SUP046,1245.81,2045.07,39.08,True,2023-10-06,13.6
PRD01768,Cycle Lock Classic,Sports & Fitness,Cycling,Brand10,SUP146,1653.18,2884.75,42.69,False,2018-08-05,4.83
PRD01769,Cycle Lock Elite,Sports & Fitness,Cycling,Brand39,SUP109,635.97,1101.83,42.28,True,2019-01-12,19.41
PRD01770,Cycle Lock Max,Sports & Fitness,Cycling,Brand20,SUP074,2223.24,3605.67,38.34,True,2019-09-21,18.85
PRD01771,Cycle Lock Elite,Sports & Fitness,Cycling,Brand39,SUP038,2438.41,3916.7,37.74,True,2018-03-11,5.66
PRD01772,Cycle Lock Classic,Sports & Fitness,Cycling,Brand30,SUP129,2557.09,3772.56,32.22,True,2022-04-18,9.97
PRD01773,Cycle Lock Max,Sports & Fitness,Cycling,Brand27,SUP194,6179.31,10375.34,40.44,True,2019-08-16,17.11
PRD01774,Cycle Lock Select,Sports & Fitness,Cycling,Brand48,SUP009,5184.97,9079.82,42.9,True,2021-07-25,0.17
PRD01775,Cycle Lock Select,Sports & Fitness,Cycling,Brand15,SUP084,4257.2,6384.53,33.32,True,2019-02-01,5.97
PRD01776,Cycle Lock Elite,Sports & Fitness,Cycling,Brand45,SUP060,323.27,533.95,39.46,True,2023-01-08,21.34
PRD01777,Cycling Water Bottle,Sports & Fitness,Cycling,Brand36,SUP015,866.57,1538.25,43.67,True,2021-10-01,13.66
PRD01778,Cycling Water Bottle Elite,Sports & Fitness,Cycling,Brand33,SUP093,2810.54,4841.97,41.95,True,2020-02-13,4.16
PRD01779,Cycling Water Bottle Max,Sports & Fitness,Cycling,Brand41,SUP176,4447.24,7275.59,38.87,True,2020-06-23,17.31
PRD01780,Cycling Water Bottle Select,Sports & Fitness,Cycling,Brand44,SUP032,4703.87,7570.42,37.87,True,2019-04-22,3.41
PRD01781,Cycling Water Bottle Premium,Sports & Fitness,Cycling,Brand07,SUP174,5359.43,8320.0,35.58,True,2018-08-22,7.27
PRD01782,Cycling Water Bottle Classic,sports & fitness,Cycling,Brand11,SUP034,887.28,1348.74,34.21,True,2022-09-06,0.9
PRD01783,Cycling Water Bottle Lite,Sports & Fitness,Cycling,Brand33,SUP045,3993.7,6651.37,39.96,True,2021-05-13,21.52
PRD01784,Cycling Water Bottle Classic,Sports & Fitness,Cycling,Brand41,SUP143,4311.45,6349.15,32.09,True,2021-11-05,10.99
PRD01785,Cycling Water Bottle Max,Sports & Fitness,Cycling,Brand01,SUP196,5827.97,8803.66,33.8,True,2019-11-23,16.12
PRD01786,Cycling Water Bottle Lite,Sports & Fitness,Cycling,Brand20,SUP196,6076.75,9633.76,36.92,True,2019-11-20,2.1
PRD01787,Cycling Water Bottle Plus,Sports & Fitness,Cycling,Brand29,SUP070,1704.14,2964.58,42.52,True,2018-12-14,21.38
PRD01788,Cycling Water Bottle Select,Sports & Fitness,Cycling,Brand11,SUP097,4546.93,6595.28,31.06,True,2019-06-14,18.71
PRD01789,Cycle Pump,Sports & Fitness,Cycling,Brand06,SUP046,3450.69,5329.74,35.26,True,2019-11-15,23.47
PRD01790,Cycle Pump Pro,Sports & Fitness,Cycling,Brand08,SUP015,1684.79,2792.12,39.66,False,2022-09-18,4.16
PRD01791,Cycle Pump Plus,Sports & Fitness,Cycling,Brand19,SUP011,1300.8,2107.1,38.27,True,2020-07-26,7.34
PRD01792,Cycle Pump Elite,Sports & Fitness,Cycling,Brand34,SUP038,3639.34,6286.28,42.11,True,2019-01-03,13.69
PRD01793,Cycle Pump Max,Sports & Fitness,Cycling,Brand43,SUP044,2923.93,4943.51,40.85,True,2019-09-11,13.4
PRD01794,Cycle Pump Eco,sports & fitness,Cycling,Brand26,SUP094,2571.02,4226.66,39.17,True,2023-12-03,7.62
PRD01795,Cycle Pump Max,Sports & Fitness,Cycling,Brand14,SUP100,4052.1,6170.24,34.33,True,2020-03-26,8.82
PRD01796,Cycle Pump Premium,Sports & Fitness,Cycling,Brand18,SUP077,1398.83,2201.78,36.47,True,2023-01-19,22.85
PRD01797,Cycle Pump Classic,Sports & Fitness,Cycling,Brand31,SUP088,4201.88,6389.91,34.24,True,2020-02-27,7.04
PRD01798,Cycle Pump Elite,Sports & Fitness,Cycling,Brand09,SUP019,3166.67,4731.9,33.08,True,2021-05-18,8.3
PRD01799,Cycle Pump Lite,Sports & Fitness,Cycling,Brand26,SUP160,520.43,827.57,37.11,True,2022-11-24,19.6
PRD01800,Cycle Pump Classic,Sports & Fitness,Cycling,Brand38,SUP157,2500.4,4113.78,39.22,True,2023-07-18,9.88
PRD01801,Trekking Shoes,Sports & Fitness,Outdoor & Adventure,Brand46,SUP158,4905.06,8583.67,42.86,True,2018-12-21,15.81
PRD01802,Trekking Shoes Plus,Sports & Fitness,Outdoor & Adventure,Brand43,SUP109,5986.52,9221.3,35.08,True,2022-12-04,17.6
PRD01803,Trekking Shoes Pro,Sports & Fitness,Outdoor & Adventure,Brand28,SUP164,1159.45,1976.1,41.33,True,2020-07-27,18.08
PRD01804,Trekking Shoes Elite,Sports & Fitness,Outdoor & Adventure,Brand30,SUP061,5165.18,8753.54,40.99,True,2023-06-15,6.92
PRD01805,Trekking Shoes Classic,Sports & Fitness,Outdoor & Adventure,Brand17,SUP130,1956.42,3292.5,40.58,True,2022-11-12,2.52
PRD01806,Trekking Shoes Classic,Sports & Fitness,Outdoor & Adventure,Brand40,SUP145,4444.22,6452.48,31.12,True,2021-08-16,12.96
PRD01807,Trekking Shoes Max,Sports & Fitness,Outdoor & Adventure,Brand21,SUP143,2228.22,3410.17,34.66,True,2023-09-09,4.89
PRD01808,Trekking Shoes Eco,Sports & Fitness,Outdoor & Adventure,Brand39,SUP071,2896.44,4306.04,32.74,True,2018-02-08,11.86
PRD01809,Trekking Shoes Max,Sports & Fitness,Outdoor & Adventure,Brand48,SUP080,1427.92,2399.58,40.49,True,2019-08-09,13.99
PRD01810,Trekking Shoes Classic,Sports & Fitness,Outdoor & Adventure,Brand23,SUP045,4670.78,7033.3,33.59,True,2018-03-12,22.3
PRD01811,Trekking Shoes Lite,Sports & Fitness,Outdoor & Adventure,Brand08,SUP060,1906.36,3344.89,43.01,True,2021-01-05,2.44
PRD01812,Trekking Shoes Max,Sports & Fitness,Outdoor & Adventure,Brand29,SUP134,4373.73,6630.0,34.03,True,2023-12-01,3.66
PRD01813,Trekking Backpack,Sports & Fitness,Outdoor & Adventure,Brand38,SUP004,906.42,1439.28,37.02,True,2019-09-18,7.6
PRD01814,Trekking Backpack Plus,Sports & Fitness,Outdoor & Adventure,Brand15,SUP139,3853.48,6777.04,43.14,True,2021-03-19,18.81
PRD01815,Trekking Backpack Pro,Sports & Fitness,Outdoor & Adventure,Brand27,SUP093,5129.66,8276.17,38.02,True,2022-06-19,9.62
PRD01816,Trekking Backpack Lite,Sports & Fitness,Outdoor & Adventure,Brand08,SUP184,5491.53,8329.41,34.07,True,2020-03-18,5.85
PRD01817,Trekking Backpack Eco,Sports & Fitness,Outdoor & Adventure,Brand08,SUP162,4379.21,7026.06,37.67,True,2019-11-20,10.02
PRD01818,Trekking Backpack Plus,Sports & Fitness,Outdoor & Adventure,Brand05,SUP139,1640.26,2517.13,34.84,True,2018-02-03,3.21
PRD01819,Trekking Backpack Lite,Sports & Fitness,Outdoor & Adventure,Brand22,SUP187,5765.78,9550.04,39.63,True,2021-07-03,6.17
PRD01820,Trekking Backpack Select,sports & fitness,Outdoor & Adventure,Brand50,SUP133,5696.84,9679.99,41.15,True,2019-05-10,17.91
PRD01821,Trekking Backpack Plus,Sports & Fitness,Outdoor & Adventure,Brand11,SUP126,5841.93,8748.05,33.22,True,2021-10-03,21.29
PRD01822,Trekking Backpack Plus,Sports & Fitness,Outdoor & Adventure,Brand17,SUP051,2353.27,3693.2,36.28,True,2023-07-16,3.79
PRD01823,Trekking Backpack Plus,Sports & Fitness,Outdoor & Adventure,Brand12,SUP180,6138.36,10470.21,41.37,True,2019-08-11,20.45
PRD01824,Trekking Backpack Premium,Sports & Fitness,Outdoor & Adventure,Brand36,SUP177,3784.71,5966.12,36.56,True,2020-02-03,8.22
PRD01825,Tent,Sports & Fitness,Outdoor & Adventure,Brand28,SUP028,4032.56,5996.63,32.75,True,2019-03-01,11.78
PRD01826,Tent Lite,Sports & Fitness,Outdoor & Adventure,Brand01,SUP056,472.89,730.86,35.3,True,2020-07-03,18.41
PRD01827,Tent Select,Sports & Fitness,Outdoor & Adventure,Brand30,SUP120,3911.82,6264.91,37.56,True,2020-11-22,19.48
PRD01828,Tent Classic,Sports & Fitness,Outdoor & Adventure,Brand08,SUP039,1877.06,3102.62,39.5,False,2020-11-06,15.83
PRD01829,Tent Max,Sports & Fitness,Outdoor & Adventure,Brand28,SUP053,5787.75,8466.25,31.64,True,2021-03-18,2.67
PRD01830,Tent Pro,Sports & Fitness,Outdoor & Adventure,Brand11,SUP060,1083.7,1784.31,39.26,True,2023-07-26,7.39
PRD01831,Tent Max,Sports & Fitness,Outdoor & Adventure,Brand02,SUP174,4770.08,7899.99,39.62,True,2019-07-11,23.83
PRD01832,Tent Select,Sports & Fitness,Outdoor & Adventure,Brand27,SUP069,5601.81,8593.65,34.81,True,2019-08-02,16.1
PRD01833,Tent Lite,Sports & Fitness,Outdoor & Adventure,Brand44,SUP191,4381.99,7542.22,41.9,True,2018-07-04,9.41
PRD01834,Tent Elite,Sports & Fitness,Outdoor & Adventure,Brand08,SUP176,3467.94,5073.29,31.64,True,2019-06-26,7.28
PRD01835,Tent Select,Sports & Fitness,Outdoor & Adventure,Brand29,SUP007,3375.07,6022.07,43.95,True,2020-09-07,4.57
PRD01836,Tent Lite,Sports & Fitness,Outdoor & Adventure,Brand40,SUP102,3596.13,5668.1,36.55,True,2018-09-20,24.3
PRD01837,Sleeping Bag,Sports & Fitness,Outdoor & Adventure,Brand47,SUP054,1077.36,1637.35,34.2,False,2021-03-03,19.66
PRD01838,Sleeping Bag Select,Sports & Fitness,Outdoor & Adventure,Brand44,SUP167,3803.72,6169.9,38.35,True,2019-02-17,22.07
PRD01839,Sleeping Bag Lite,Sports & Fitness,Outdoor & Adventure,Brand08,SUP097,1849.85,3075.74,39.86,True,2019-03-04,0.71
PRD01840,Sleeping Bag Lite,Sports & Fitness,Outdoor & Adventure,Brand20,SUP168,5144.99,8003.11,35.71,True,2022-07-18,7.91
PRD01841,Sleeping Bag Elite,Sports & Fitness,Outdoor & Adventure,Brand16,SUP093,809.1,1347.1,39.94,True,2023-01-23,8.13
PRD01842,Sleeping Bag Eco,Sports & Fitness,Outdoor & Adventure,Brand23,SUP153,1664.51,2900.17,42.61,True,2022-03-08,3.07
PRD01843,Sleeping Bag Max,Sports & Fitness,Outdoor & Adventure,Brand14,SUP021,4174.51,6806.91,38.67,True,2021-05-10,6.13
PRD01844,Sleeping Bag Eco,Sports & Fitness,Outdoor & Adventure,Brand48,SUP157,4822.13,8203.18,41.22,True,2018-04-21,17.58
PRD01845,Sleeping Bag Elite,Sports & Fitness,Outdoor & Adventure,Brand26,SUP041,2158.89,3141.96,31.29,True,2019-11-26,3.91
PRD01846,Sleeping Bag Eco,Sports & Fitness,Outdoor & Adventure,Brand42,SUP180,6174.81,9887.52,37.55,True,2019-12-16,23.11
PRD01847,Sleeping Bag Classic,Sports & Fitness,Outdoor & Adventure,Brand48,SUP089,1294.16,1950.78,33.66,True,2018-07-02,2.02
PRD01848,Sleeping Bag Lite,Sports & Fitness,Outdoor & Adventure,Brand29,SUP073,3995.57,6461.95,38.17,True,2020-02-27,6.97
PRD01849,Headlamp,Sports & Fitness,Outdoor & Adventure,Brand39,SUP166,2226.04,3435.23,35.2,True,2020-01-13,15.23
PRD01850,Headlamp Eco,Sports & Fitness,Outdoor & Adventure,Brand24,SUP090,5494.58,8817.11,37.68,True,2019-03-08,21.1
PRD01851,Headlamp Max,Sports & Fitness,Outdoor & Adventure,Brand12,SUP164,2649.01,3934.86,32.68,True,2021-10-09,6.68
PRD01852,Headlamp Classic,Sports & Fitness,Outdoor & Adventure,Brand43,SUP026,2763.41,4898.0,43.58,True,2018-03-22,19.22
PRD01853,Headlamp Premium,Sports & Fitness,Outdoor & Adventure,Brand30,SUP059,3295.39,5539.76,40.51,True,2019-09-10,1.64
PRD01854,Headlamp Eco,Sports & Fitness,Outdoor & Adventure,Brand43,SUP161,2688.76,4617.91,41.78,True,2018-11-19,12.55
PRD01855,Headlamp Max,Sports & Fitness,Outdoor & Adventure,Brand11,SUP025,1100.6,1880.46,41.47,True,2018-11-17,9.92
PRD01856,Headlamp Premium,Sports & Fitness,Outdoor & Adventure,Brand02,SUP038,4613.47,8072.27,42.85,True,2021-09-13,10.66
PRD01857,Headlamp Plus,Sports & Fitness,Outdoor & Adventure,Brand41,SUP085,2656.22,3992.79,33.47,True,2020-03-10,21.01
PRD01858,Headlamp Pro,Sports & Fitness,Outdoor & Adventure,Brand36,SUP184,3654.97,5712.06,36.01,True,2022-12-12,14.48
PRD01859,Headlamp Elite,Sports & Fitness,Outdoor & Adventure,Brand38,SUP123,3918.08,6173.24,36.53,True,2020-12-17,24.67
PRD01860,Headlamp Classic,Sports & Fitness,Outdoor & Adventure,Brand09,SUP174,1820.34,2758.73,34.02,True,2022-08-11,5.18
PRD01861,Trekking Poles,Sports & Fitness,Outdoor & Adventure,Brand31,SUP120,5896.21,9323.73,36.76,True,2018-09-02,9.25
PRD01862,Trekking Poles Select,Sports & Fitness,Outdoor & Adventure,Brand18,SUP081,3192.21,4849.87,34.18,True,2018-09-04,3.3
PRD01863,Trekking Poles Premium,Sports & Fitness,Outdoor & Adventure,Brand47,SUP167,164.13,273.79,40.05,True,2021-08-27,24.39
PRD01864,Trekking Poles Premium,Sports & Fitness,Outdoor & Adventure,Brand37,SUP081,3162.14,4677.88,32.4,True,2023-06-17,15.31
PRD01865,Trekking Poles Pro,Sports & Fitness,Outdoor & Adventure,Brand08,SUP060,6457.24,9489.04,31.95,True,2022-01-11,7.11
PRD01866,Trekking Poles Plus,Sports & Fitness,Outdoor & Adventure,Brand29,SUP169,1708.87,2488.68,31.33,True,2020-04-09,23.54
PRD01867,Trekking Poles Select,Sports & Fitness,Outdoor & Adventure,Brand18,SUP006,3958.06,7004.88,43.5,True,2018-09-23,1.56
PRD01868,Trekking Poles Select,Sports & Fitness,Outdoor & Adventure,Brand08,SUP148,4178.01,6916.46,39.59,True,2021-03-01,21.69
PRD01869,Trekking Poles Select,Sports & Fitness,Outdoor & Adventure,Brand37,SUP185,3313.81,5632.1,41.16,True,2023-05-12,7.12
PRD01870,Trekking Poles Plus,Sports & Fitness,Outdoor & Adventure,Brand37,SUP090,4176.58,6663.28,37.32,True,2020-10-24,20.72
PRD01871,Trekking Poles Select,Sports & Fitness,Outdoor & Adventure,Brand25,SUP070,2404.22,4005.34,39.97,True,2022-06-15,1.54
PRD01872,Trekking Poles Plus,Sports & Fitness,Outdoor & Adventure,Brand20,SUP196,1265.79,2151.35,41.16,True,2018-11-12,17.98
PRD01873,Whey Protein,Sports & Fitness,Sports Nutrition,Brand43,SUP097,2484.93,4189.55,40.69,True,2020-08-04,10.44
PRD01874,Whey Protein Select,Sports & Fitness,Sports Nutrition,Brand04,SUP102,765.74,1120.86,31.68,True,2018-08-15,23.69
PRD01875,Whey Protein Classic,Sports & Fitness,Sports Nutrition,Brand10,SUP093,3613.17,5940.1,39.17,True,2021-10-26,23.35
PRD01876,Whey Protein Premium,Sports & Fitness,Sports Nutrition,Brand32,SUP025,1418.29,2327.42,39.06,True,2021-07-18,20.0
PRD01877,Whey Protein Plus,SPORTS & FITNESS,Sports Nutrition,Brand06,SUP119,2366.89,3798.52,37.69,True,2023-05-06,7.53
PRD01878,Whey Protein Premium,Sports & Fitness,Sports Nutrition,Brand01,SUP171,5473.73,9139.41,40.11,True,2019-11-11,0.75
PRD01879,Whey Protein Classic,Sports & Fitness,Sports Nutrition,Brand26,SUP091,6366.72,9497.75,32.97,True,2019-05-21,9.99
PRD01880,Whey Protein Lite,Sports & Fitness,Sports Nutrition,Brand41,SUP094,4391.88,7680.52,42.82,True,2020-06-24,0.96
PRD01881,Whey Protein Lite,Sports & Fitness,Sports Nutrition,Brand42,SUP027,282.48,425.9,33.68,True,2018-02-17,4.69
PRD01882,Whey Protein Classic,Sports & Fitness,Sports Nutrition,Brand12,SUP158,2094.65,3328.53,37.07,True,2023-04-23,11.81
PRD01883,Whey Protein Pro,Sports & Fitness,Sports Nutrition,Brand26,SUP188,969.78,1437.57,32.54,True,2020-12-26,11.64
PRD01884,Whey Protein Classic,Sports & Fitness,Sports Nutrition,Brand10,SUP022,6139.76,9181.91,33.13,True,2021-08-05,2.46
PRD01885,Energy Bar,Sports & Fitness,Sports Nutrition,Brand15,SUP048,628.09,1060.8,40.79,True,2023-01-10,9.44
PRD01886,Energy Bar Max,Sports & Fitness,Sports Nutrition,Brand42,SUP090,3368.49,5839.79,42.32,True,2018-12-23,0.1
PRD01887,Energy Bar Premium,Sports & Fitness,Sports Nutrition,Brand21,SUP067,3584.98,5462.68,34.37,True,2020-07-25,13.46
PRD01888,Energy Bar Premium,Sports & Fitness,Sports Nutrition,Brand18,SUP150,5977.72,10037.76,40.45,True,2020-03-23,4.77
PRD01889,Energy Bar Lite,Sports & Fitness,Sports Nutrition,Brand31,SUP122,6188.91,10070.72,38.55,True,2021-11-19,16.41
PRD01890,Energy Bar Pro,Sports & Fitness,Sports Nutrition,Brand18,SUP197,1519.46,2473.55,38.57,True,2021-01-05,18.39
PRD01891,Energy Bar Classic,Sports & Fitness,Sports Nutrition,Brand34,SUP092,3089.59,4996.81,38.17,True,2021-11-06,2.85
PRD01892,Energy Bar Lite,Sports & Fitness,Sports Nutrition,Brand06,SUP126,4461.25,6766.42,34.07,True,2018-12-27,4.02
PRD01893,Energy Bar Plus,Sports & Fitness,Sports Nutrition,Brand49,SUP011,2065.04,3620.94,42.97,True,2019-07-04,19.06
PRD01894,Energy Bar Pro,Sports & Fitness,Sports Nutrition,Brand13,SUP188,219.1,343.88,36.29,False,2022-05-13,17.45
PRD01895,Energy Bar Plus,Sports & Fitness,Sports Nutrition,Brand19,SUP126,436.95,762.12,42.67,True,2018-07-10,5.04
PRD01896,Energy Bar Classic,sports & fitness,Sports Nutrition,Brand22,SUP029,3435.89,5653.75,39.23,True,2020-09-09,15.61
PRD01897,BCAA Supplement,Sports & Fitness,Sports Nutrition,Brand31,SUP174,5907.74,8934.83,33.88,True,2023-10-27,7.82
PRD01898,BCAA Supplement Pro,Sports & Fitness,Sports Nutrition,Brand01,SUP090,3783.16,5824.14,35.04,True,2023-04-27,16.36
PRD01899,BCAA Supplement Select,Sports & Fitness,Sports Nutrition,Brand29,SUP174,5978.93,10595.99,43.57,True,2023-08-15,16.41
PRD01900,BCAA Supplement Select,Sports & Fitness,Sports Nutrition,Brand13,SUP160,1390.96,2020.08,31.14,True,2020-10-14,16.48
PRD01901,BCAA Supplement Select,Sports & Fitness,Sports Nutrition,Brand49,SUP019,4374.71,7623.96,42.62,True,2023-08-06,23.59
PRD01902,BCAA Supplement Eco,Sports & Fitness,Sports Nutrition,Brand16,SUP151,1265.47,1887.88,32.97,True,2021-06-01,19.47
PRD01903,BCAA Supplement Classic,Sports & Fitness,Sports Nutrition,Brand17,SUP192,1266.5,1944.1,34.85,True,2019-08-02,4.99
PRD01904,BCAA Supplement Eco,Sports & Fitness,Sports Nutrition,Brand50,SUP044,279.29,474.32,41.12,True,2021-02-25,6.45
PRD01905,BCAA Supplement Classic,Sports & Fitness,Sports Nutrition,Brand14,SUP177,564.68,905.37,37.63,True,2020-04-09,12.21
PRD01906,BCAA Supplement Select,Sports & Fitness,Sports Nutrition,Brand44,SUP005,2592.68,3839.29,32.47,False,2022-11-04,2.5
PRD01907,BCAA Supplement Classic,Sports & Fitness,Sports Nutrition,Brand08,SUP183,534.17,782.87,31.77,True,2023-04-22,15.41
PRD01908,BCAA Supplement Premium,Sports & Fitness,Sports Nutrition,Brand45,SUP148,4812.39,8101.7,40.6,True,2022-02-22,13.95
PRD01909,Multivitamin,Sports & Fitness,Sports Nutrition,Brand21,SUP081,1512.23,2227.11,32.1,True,2018-11-01,7.58
PRD01910,Multivitamin Premium,Sports & Fitness,Sports Nutrition,Brand13,SUP180,6406.04,9997.89,35.93,True,2020-01-19,15.9
PRD01911,Multivitamin Classic,SPORTS & FITNESS,Sports Nutrition,Brand02,SUP153,311.77,500.01,37.65,True,2022-08-25,5.22
PRD01912,Multivitamin Lite,Sports & Fitness,Sports Nutrition,Brand44,SUP035,4936.2,8410.61,41.31,True,2019-08-06,0.71
PRD01913,Multivitamin Eco,Sports & Fitness,Sports Nutrition,Brand13,SUP193,4395.52,6933.98,36.61,True,2023-05-27,19.85
PRD01914,Multivitamin Premium,Sports & Fitness,Sports Nutrition,Brand06,SUP020,5754.45,9762.13,41.05,True,2018-01-04,9.84
PRD01915,Multivitamin Pro,Sports & Fitness,Sports Nutrition,Brand12,SUP037,4078.07,6156.01,33.75,True,2020-02-19,1.97
PRD01916,Multivitamin Elite,sports & fitness,Sports Nutrition,Brand31,SUP095,3294.82,4937.2,33.27,True,2018-12-22,5.96
PRD01917,Multivitamin Eco,Sports & Fitness,Sports Nutrition,Brand12,SUP184,4900.13,7486.81,34.55,True,2019-12-11,6.17
PRD01918,Multivitamin Premium,Sports & Fitness,Sports Nutrition,Brand40,SUP025,3604.37,5633.0,36.01,True,2023-06-13,8.64
PRD01919,Multivitamin Plus,Sports & Fitness,Sports Nutrition,Brand09,SUP079,6427.63,10248.57,37.28,True,2023-10-12,8.77
PRD01920,Multivitamin Plus,Sports & Fitness,Sports Nutrition,Brand25,SUP133,4534.03,7787.22,41.78,True,2019-04-09,3.04
PRD01921,Creatine,Sports & Fitness,Sports Nutrition,Brand20,SUP007,5168.78,7642.11,32.36,True,2023-03-08,23.71
PRD01922,Creatine Lite,Sports & Fitness,Sports Nutrition,Brand04,SUP028,953.11,1657.67,42.5,True,2020-02-10,13.41
PRD01923,Creatine Max,Sports & Fitness,Sports Nutrition,Brand07,SUP015,1453.87,2360.08,38.4,True,2022-01-14,1.46
PRD01924,Creatine Classic,Sports & Fitness,Sports Nutrition,Brand14,SUP058,3366.04,5457.83,38.33,True,2022-11-06,18.46
PRD01925,Creatine Classic,Sports & Fitness,Sports Nutrition,Brand33,SUP166,1086.79,1651.46,34.19,True,2022-12-04,11.21
PRD01926,Creatine Lite,Sports & Fitness,Sports Nutrition,Brand33,SUP104,3967.42,6287.43,36.9,True,2022-05-10,4.16
PRD01927,Creatine Premium,Sports & Fitness,Sports Nutrition,Brand20,SUP122,1842.3,2746.67,32.93,True,2023-12-05,13.11
PRD01928,Creatine Plus,Sports & Fitness,Sports Nutrition,Brand39,SUP105,6547.92,9838.56,33.45,True,2022-04-17,10.87
PRD01929,Creatine Max,Sports & Fitness,Sports Nutrition,Brand05,SUP177,1830.94,2885.17,36.54,True,2022-08-09,14.21
PRD01930,Creatine Plus,Sports & Fitness,Sports Nutrition,Brand34,SUP030,1635.84,2429.12,32.66,True,2018-06-08,20.48
PRD01931,Creatine Lite,Sports & Fitness,Sports Nutrition,Brand38,SUP066,2517.38,3920.84,35.79,True,2021-02-23,8.57
PRD01932,Creatine Select,Sports & Fitness,Sports Nutrition,Brand29,SUP116,799.45,1257.16,36.41,True,2021-01-15,5.67
PRD01933,Pre-Workout,Sports & Fitness,Sports Nutrition,Brand37,SUP101,1826.67,2698.62,32.31,True,2018-11-17,19.66
PRD01934,Pre-Workout Select,Sports & Fitness,Sports Nutrition,Brand46,SUP022,617.48,930.47,33.64,True,2021-02-21,22.57
PRD01935,Pre-Workout Pro,Sports & Fitness,Sports Nutrition,Brand06,SUP171,1835.36,3204.14,42.72,True,2023-02-08,2.51
PRD01936,Pre-Workout Select,Sports & Fitness,Sports Nutrition,Brand15,SUP023,5330.77,9484.51,43.8,True,2019-12-05,19.71
PRD01937,Pre-Workout Premium,Sports & Fitness,Sports Nutrition,Brand47,SUP173,527.55,935.06,43.58,True,2018-02-27,21.33
PRD01938,Pre-Workout Eco,Sports & Fitness,Sports Nutrition,Brand04,SUP056,4758.34,6925.45,31.29,True,2022-04-19,18.51
PRD01939,Pre-Workout Elite,Sports & Fitness,Sports Nutrition,Brand20,SUP199,2864.42,4266.59,32.86,True,2023-01-02,23.98
PRD01940,Pre-Workout Premium,Sports & Fitness,Sports Nutrition,Brand42,SUP166,4535.58,7319.13,38.03,True,2020-12-24,7.09
PRD01941,Pre-Workout Select,Sports & Fitness,Sports Nutrition,Brand33,SUP045,2533.83,3873.45,34.58,True,2021-12-27,11.86
PRD01942,Pre-Workout Plus,Sports & Fitness,Sports Nutrition,Brand26,SUP159,5201.77,8605.82,39.56,True,2018-07-18,3.21
PRD01943,Pre-Workout Select,Sports & Fitness,Sports Nutrition,Brand17,SUP089,5280.59,8391.34,37.07,True,2022-07-17,15.49
PRD01944,Pre-Workout Plus,Sports & Fitness,Sports Nutrition,Brand12,SUP022,476.39,750.18,36.5,True,2019-08-01,24.23
PRD01945,Engineering Textbook,Books & Stationery,Academic Books,Brand46,SUP045,801.94,1547.65,48.18,True,2020-04-19,21.8
PRD01946,Engineering Textbook Lite,Books & Stationery,Academic Books,Brand50,SUP090,308.5,562.37,45.14,True,2018-04-17,13.86
PRD01947,Engineering Textbook Select,Books & Stationery,Academic Books,Brand03,SUP060,1527.18,3627.04,57.89,True,2021-07-09,22.33
PRD01948,Engineering Textbook Elite,Books & Stationery,Academic Books,Brand43,SUP057,916.36,1706.53,46.3,True,2023-06-21,5.45
PRD01949,Engineering Textbook Elite,Books & Stationery,Academic Books,Brand43,SUP102,79.99,152.79,47.65,True,2018-04-20,10.22
PRD01950,Engineering Textbook Plus,Books & Stationery,Academic Books,Brand40,SUP184,343.31,650.45,47.22,True,2021-11-03,11.51
PRD01951,Engineering Textbook Pro,Books & Stationery,Academic Books,Brand09,SUP017,1548.12,2961.27,47.72,True,2020-08-06,23.85
PRD01952,Engineering Textbook Lite,BOOKS & STATIONERY,Academic Books,Brand07,SUP188,964.86,2031.84,52.51,True,2021-12-26,10.37
PRD01953,Engineering Textbook Classic,Books & Stationery,Academic Books,Brand29,SUP105,1520.18,2938.03,48.26,True,2023-01-20,21.91
PRD01954,Engineering Textbook Plus,Books & Stationery,Academic Books,Brand10,SUP061,1786.48,3365.37,46.92,True,2021-09-14,8.34
PRD01955,Engineering Textbook Pro,Books & Stationery,Academic Books,Brand09,SUP042,1065.46,1933.74,44.9,False,2018-05-20,8.2
PRD01956,Engineering Textbook Classic,Books & Stationery,Academic Books,Brand17,SUP065,380.56,779.38,51.17,True,2020-11-01,17.24
PRD01957,Medical Reference,Books & Stationery,Academic Books,Brand10,SUP027,273.11,515.96,47.07,True,2019-08-10,6.16
PRD01958,Medical Reference Elite,Books & Stationery,Academic Books,Brand16,SUP116,181.21,413.61,56.19,True,2018-10-04,19.35
PRD01959,Medical Reference Select,Books & Stationery,Academic Books,Brand48,SUP108,181.88,367.47,50.5,True,2018-11-17,24.5
PRD01960,Medical Reference Elite,Books & Stationery,Academic Books,Brand08,SUP024,784.19,1671.37,53.08,True,2021-03-17,2.31
PRD01961,Medical Reference Plus,Books & Stationery,Academic Books,Brand35,SUP134,1042.63,1979.31,47.32,True,2022-03-27,11.54
PRD01962,Medical Reference Pro,Books & Stationery,Academic Books,Brand46,SUP157,1313.13,2355.73,44.26,True,2021-05-12,18.97
PRD01963,Medical Reference Classic,Books & Stationery,Academic Books,Brand26,SUP076,1615.67,3615.34,55.31,True,2020-01-18,13.64
PRD01964,Medical Reference Select,Books & Stationery,Academic Books,Brand36,SUP170,1178.88,2498.59,52.82,True,2021-03-24,11.11
PRD01965,Medical Reference Premium,Books & Stationery,Academic Books,Brand32,SUP106,380.56,794.04,52.07,True,2021-10-03,7.26
PRD01966,Medical Reference Lite,Books & Stationery,Academic Books,Brand22,SUP156,1675.7,3910.78,57.15,True,2019-08-13,13.04
PRD01967,Medical Reference Elite,Books & Stationery,Academic Books,Brand33,SUP075,577.11,1117.93,48.38,True,2021-02-11,8.48
PRD01968,Medical Reference Select,Books & Stationery,Academic Books,Brand20,SUP064,720.48,1687.96,57.32,True,2021-09-24,9.29
PRD01969,MBA Casebook,Books & Stationery,Academic Books,Brand09,SUP064,873.92,1977.16,55.8,True,2021-04-27,18.06
PRD01970,MBA Casebook Max,Books & Stationery,Academic Books,Brand36,SUP153,87.11,196.87,55.75,True,2021-03-05,15.75
PRD01971,MBA Casebook Classic,Books & Stationery,Academic Books,Brand14,SUP057,884.69,2013.53,56.06,True,2021-08-18,1.3
PRD01972,MBA Casebook Elite,books & stationery,Academic Books,Brand31,SUP025,795.1,1483.88,46.42,True,2019-05-04,13.95
PRD01973,MBA Casebook Elite,Books & Stationery,Academic Books,Brand02,SUP093,1170.26,2101.36,44.31,True,2019-05-26,2.36
PRD01974,MBA Casebook Lite,Books & Stationery,Academic Books,Brand34,SUP160,1373.62,2966.66,53.7,True,2021-10-14,20.97
PRD01975,MBA Casebook Elite,Books & Stationery,Academic Books,Brand50,SUP008,555.13,1241.58,55.29,True,2023-01-23,2.47
PRD01976,MBA Casebook Eco,Books & Stationery,Academic Books,Brand33,SUP073,1326.34,2590.0,48.79,False,2020-12-07,1.16
PRD01977,MBA Casebook Lite,Books & Stationery,Academic Books,Brand37,SUP067,861.15,1946.59,55.76,True,2022-09-11,12.7
PRD01978,MBA Casebook Select,Books & Stationery,Academic Books,Brand30,SUP010,1011.95,1859.69,45.58,True,2022-07-21,3.06
PRD01979,MBA Casebook Lite,Books & Stationery,Academic Books,Brand44,SUP063,1481.82,2791.36,46.91,True,2019-07-14,6.79
PRD01980,MBA Casebook Pro,Books & Stationery,Academic Books,Brand29,SUP028,739.38,1384.56,46.6,True,2023-04-14,21.56
PRD01981,School Textbook,Books & Stationery,Academic Books,Brand23,SUP167,908.02,2046.83,55.64,True,2020-08-04,15.33
PRD01982,School Textbook Premium,Books & Stationery,Academic Books,Brand46,SUP041,1604.27,2965.14,45.9,True,2020-06-25,22.42
PRD01983,School Textbook Eco,Books & Stationery,Academic Books,Brand09,SUP193,1042.43,1999.85,47.87,True,2019-02-09,17.39
PRD01984,School Textbook Classic,Books & Stationery,Academic Books,Brand18,SUP105,430.09,872.38,50.7,True,2021-07-27,22.51
PRD01985,School Textbook Eco,Books & Stationery,Academic Books,Brand46,SUP112,1360.07,2525.78,46.15,True,2023-08-13,4.35
PRD01986,School Textbook Max,Books & Stationery,Academic Books,Brand18,SUP162,1468.8,2905.02,49.44,True,2020-08-10,17.28
PRD01987,School Textbook Select,Books & Stationery,Academic Books,Brand03,SUP019,1270.65,2599.75,51.12,True,2023-07-13,11.46
PRD01988,School Textbook Lite,Books & Stationery,Academic Books,Brand01,SUP035,745.54,1601.39,53.44,True,2023-12-27,15.74
PRD01989,School Textbook Max,Books & Stationery,Academic Books,Brand17,SUP001,190.55,395.94,51.87,True,2023-06-14,10.8
PRD01990,School Textbook Pro,Books & Stationery,Academic Books,Brand26,SUP192,1917.33,4109.45,53.34,True,2020-03-20,14.74
PRD01991,School Textbook Pro,Books & Stationery,Academic Books,Brand30,SUP177,1643.0,3405.17,51.75,True,2020-06-12,21.31
PRD01992,School Textbook Select,Books & Stationery,Academic Books,Brand45,SUP157,674.99,1457.76,53.7,True,2022-07-20,5.25
PRD01993,Competitive Exam Guide,Books & Stationery,Academic Books,Brand41,SUP142,175.54,390.78,55.08,True,2018-11-13,22.64
PRD01994,Competitive Exam Guide Max,Books & Stationery,Academic Books,Brand42,SUP167,1531.53,3529.62,56.61,True,2023-10-07,9.8
PRD01995,Competitive Exam Guide Elite,Books & Stationery,Academic Books,Brand47,SUP119,1464.12,2721.29,46.2,True,2019-05-14,21.03
PRD01996,Competitive Exam Guide Max,Books & Stationery,Academic Books,Brand35,SUP015,1847.53,3688.43,49.91,True,2019-10-23,7.45
PRD01997,Competitive Exam Guide Premium,Books & Stationery,Academic Books,Brand09,SUP173,112.34,224.85,50.04,True,2022-06-26,24.3
PRD01998,Competitive Exam Guide Plus,BOOKS & STATIONERY,Academic Books,Brand14,SUP026,1755.66,3687.94,52.39,True,2022-04-27,9.49
PRD01999,Competitive Exam Guide Premium,Books & Stationery,Academic Books,Brand42,SUP129,176.66,420.39,57.98,True,2019-04-01,13.99
PRD02000,Competitive Exam Guide Classic,Books & Stationery,Academic Books,Brand13,SUP122,741.47,1463.58,49.34,True,2019-01-07,11.71
PRD02001,Competitive Exam Guide Elite,Books & Stationery,Academic Books,Brand34,SUP194,1139.92,2475.7,53.96,False,2019-11-23,21.82
PRD02002,Competitive Exam Guide Lite,Books & Stationery,Academic Books,Brand32,SUP034,1885.79,4430.48,57.44,True,2023-08-22,23.89
PRD02003,Competitive Exam Guide Select,Books & Stationery,Academic Books,Brand19,SUP125,1546.59,3082.13,49.82,True,2019-04-23,17.57
PRD02004,Competitive Exam Guide Select,Books & Stationery,Academic Books,Brand19,SUP067,531.65,1154.79,53.96,True,2021-04-15,18.27
PRD02005,UPSC Material,Books & Stationery,Academic Books,Brand20,SUP070,1425.58,3136.21,54.54,True,2022-11-13,14.62
PRD02006,UPSC Material Premium,Books & Stationery,Academic Books,Brand16,SUP034,1342.64,3105.66,56.77,True,2023-02-15,20.72
PRD02007,UPSC Material Select,Books & Stationery,Academic Books,Brand41,SUP070,1410.75,3212.1,56.08,True,2019-09-26,10.81
PRD02008,UPSC Material Lite,Books & Stationery,Academic Books,Brand42,SUP097,155.19,299.88,48.25,True,2023-02-11,1.51
PRD02009,UPSC Material Elite,Books & Stationery,Academic Books,Brand07,SUP183,1028.91,2028.18,49.27,True,2018-12-06,18.87
PRD02010,UPSC Material Elite,books & stationery,Academic Books,Brand30,SUP074,776.51,1556.67,50.12,True,2023-03-18,18.62
PRD02011,UPSC Material Classic,Books & Stationery,Academic Books,Brand25,SUP007,1403.59,3029.12,53.66,True,2021-02-11,6.84
PRD02012,UPSC Material Lite,Books & Stationery,Academic Books,Brand29,SUP115,727.31,1454.6,50.0,True,2020-09-10,9.47
PRD02013,UPSC Material Classic,Books & Stationery,Academic Books,Brand01,SUP012,1380.61,2689.18,48.66,True,2018-04-06,12.42
PRD02014,UPSC Material Select,Books & Stationery,Academic Books,Brand33,SUP111,1134.09,2641.6,57.07,True,2018-04-22,6.59
PRD02015,UPSC Material Select,Books & Stationery,Academic Books,Brand05,SUP097,1785.64,3674.62,51.41,True,2019-08-27,21.59
PRD02016,UPSC Material Max,Books & Stationery,Academic Books,Brand12,SUP035,663.16,1465.98,54.76,True,2020-11-27,11.04
PRD02017,Indian Fiction,Books & Stationery,Fiction,Brand21,SUP019,988.52,1868.03,47.08,True,2018-07-01,17.12
PRD02018,Indian Fiction Plus,Books & Stationery,Fiction,Brand15,SUP053,575.01,1165.53,50.67,True,2020-04-18,23.51
PRD02019,Indian Fiction Lite,Books & Stationery,Fiction,Brand46,SUP082,684.56,1431.77,52.19,True,2019-02-26,21.2
PRD02020,Indian Fiction Eco,Books & Stationery,Fiction,Brand25,SUP092,1126.02,2453.72,54.11,True,2021-01-07,19.83
PRD02021,Indian Fiction Select,Books & Stationery,Fiction,Brand33,SUP008,1007.83,1882.96,46.48,True,2022-11-23,9.21
PRD02022,Indian Fiction Pro,Books & Stationery,Fiction,Brand41,SUP113,1764.82,3761.06,53.08,True,2019-04-25,1.37
PRD02023,Indian Fiction Eco,Books & Stationery,Fiction,Brand38,SUP137,817.9,1814.51,54.92,True,2023-12-26,12.51
PRD02024,Indian Fiction Max,Books & Stationery,Fiction,Brand36,SUP180,1227.12,2780.56,55.87,True,2018-11-15,18.89
PRD02025,Indian Fiction Elite,Books & Stationery,Fiction,Brand42,SUP033,1077.18,2387.67,54.89,True,2019-07-16,5.76
PRD02026,Indian Fiction Classic,Books & Stationery,Fiction,Brand41,SUP179,977.45,2022.87,51.68,True,2020-01-14,20.96
PRD02027,Indian Fiction Plus,Books & Stationery,Fiction,Brand47,SUP110,1128.61,2189.95,48.46,True,2018-03-12,18.48
PRD02028,Indian Fiction Plus,Books & Stationery,Fiction,Brand40,SUP069,1619.9,2935.66,44.82,True,2022-07-25,19.46
PRD02029,International Bestseller,Books & Stationery,Fiction,Brand47,SUP043,420.8,815.41,48.39,True,2021-08-25,21.87
PRD02030,International Bestseller Plus,Books & Stationery,Fiction,Brand06,SUP166,1418.82,3250.56,56.35,True,2022-02-02,5.65
PRD02031,International Bestseller Select,Books & Stationery,Fiction,Brand05,SUP186,1542.3,3165.68,51.28,True,2019-04-09,21.95
PRD02032,International Bestseller Select,Books & Stationery,Fiction,Brand01,SUP073,1297.23,2837.88,54.29,True,2020-04-24,23.85
PRD02033,International Bestseller Classic,BOOKS & STATIONERY,Fiction,Brand01,SUP150,853.86,2014.91,57.62,True,2019-03-10,23.03
PRD02034,International Bestseller Eco,Books & Stationery,Fiction,Brand11,SUP058,473.3,1055.04,55.14,True,2019-07-26,14.68
PRD02035,International Bestseller Lite,Books & Stationery,Fiction,Brand03,SUP041,1247.07,2232.34,44.14,True,2018-12-07,8.29
PRD02036,International Bestseller Pro,Books & Stationery,Fiction,Brand21,SUP058,1200.49,2510.19,52.18,True,2018-02-20,5.96
PRD02037,International Bestseller Pro,BOOKS & STATIONERY,Fiction,Brand46,SUP160,1383.28,2479.54,44.21,False,2023-10-13,10.4
PRD02038,International Bestseller Elite,Books & Stationery,Fiction,Brand31,SUP100,1631.3,3368.37,51.57,True,2019-05-19,15.55
PRD02039,International Bestseller Lite,Books & Stationery,Fiction,Brand32,SUP041,1613.55,3652.68,55.83,True,2021-12-22,22.07
PRD02040,International Bestseller Select,Books & Stationery,Fiction,Brand36,SUP170,1917.27,3807.82,49.65,True,2022-12-18,10.76
PRD02041,Regional Novel,Books & Stationery,Fiction,Brand38,SUP042,904.56,1691.46,46.52,True,2022-12-05,13.97
PRD02042,Regional Novel Plus,Books & Stationery,Fiction,Brand19,SUP084,253.5,494.65,48.75,True,2023-05-17,21.88
PRD02043,Regional Novel Max,Books & Stationery,Fiction,Brand07,SUP035,858.35,1967.42,56.37,True,2020-02-16,23.94
PRD02044,Regional Novel Eco,Books & Stationery,Fiction,Brand14,SUP075,1287.79,2726.35,52.77,True,2023-10-08,24.69
PRD02045,Regional Novel Classic,Books & Stationery,Fiction,Brand02,SUP140,853.45,1680.05,49.2,True,2019-03-14,23.88
PRD02046,Regional Novel Lite,Books & Stationery,Fiction,Brand36,SUP199,223.32,471.37,52.62,True,2021-03-16,17.27
PRD02047,Regional Novel Select,Books & Stationery,Fiction,Brand23,SUP147,1671.01,3257.89,48.71,True,2021-04-05,24.16
PRD02048,Regional Novel Pro,Books & Stationery,Fiction,Brand31,SUP172,429.21,813.8,47.26,False,2018-11-02,3.17
PRD02049,Regional Novel Select,Books & Stationery,Fiction,Brand18,SUP185,864.73,1948.01,55.61,True,2020-09-09,10.87
PRD02050,Regional Novel Select,Books & Stationery,Fiction,Brand20,SUP126,785.07,1532.93,48.79,True,2018-11-27,21.58
PRD02051,Regional Novel Eco,books & stationery,Fiction,Brand29,SUP177,78.17,171.85,54.51,True,2018-08-21,3.72
PRD02052,Regional Novel Lite,Books & Stationery,Fiction,Brand23,SUP126,1858.21,3426.33,45.77,True,2018-03-27,14.35
PRD02053,Children's Fiction,Books & Stationery,Fiction,Brand44,SUP037,548.92,1216.3,54.87,True,2023-08-25,16.01
PRD02054,Children's Fiction Eco,Books & Stationery,Fiction,Brand07,SUP043,703.63,1634.75,56.96,True,2019-10-08,15.43
PRD02055,Children's Fiction Select,Books & Stationery,Fiction,Brand28,SUP162,1749.1,3560.47,50.87,True,2020-07-03,1.31
PRD02056,Children's Fiction Lite,Books & Stationery,Fiction,Brand21,SUP196,1258.79,2594.82,51.49,True,2020-08-19,10.59
PRD02057,Children's Fiction Classic,Books & Stationery,Fiction,Brand37,SUP194,894.59,2056.92,56.51,True,2019-09-04,4.93
PRD02058,Children's Fiction Classic,Books & Stationery,Fiction,Brand15,SUP166,1394.03,2570.23,45.76,True,2023-03-26,22.06
PRD02059,Children's Fiction Classic,Books & Stationery,Fiction,Brand19,SUP047,648.12,1374.69,52.85,True,2022-02-01,2.44
PRD02060,Children's Fiction Select,Books & Stationery,Fiction,Brand30,SUP159,1499.66,2735.41,45.18,True,2023-08-12,5.29
PRD02061,Children's Fiction Classic,Books & Stationery,Fiction,Brand21,SUP050,1781.11,3705.21,51.93,True,2023-10-12,2.81
PRD02062,Children's Fiction Elite,Books & Stationery,Fiction,Brand35,SUP191,299.47,593.95,49.58,True,2020-06-22,21.95
PRD02063,Children's Fiction Premium,Books & Stationery,Fiction,Brand08,SUP151,150.57,333.36,54.83,True,2022-12-20,5.42
PRD02064,Children's Fiction Premium,Books & Stationery,Fiction,Brand09,SUP044,1265.57,2333.16,45.76,True,2021-08-20,17.16
PRD02065,Graphic Novel,Books & Stationery,Fiction,Brand40,SUP006,1222.19,2670.14,54.23,True,2023-07-16,18.74
PRD02066,Graphic Novel Plus,Books & Stationery,Fiction,Brand14,SUP182,470.47,899.4,47.69,True,2021-11-18,15.29
PRD02067,Graphic Novel Pro,Books & Stationery,Fiction,Brand39,SUP187,1288.09,2455.02,47.53,True,2021-08-06,7.59
PRD02068,Graphic Novel Select,Books & Stationery,Fiction,Brand01,SUP104,1806.2,3511.88,48.57,False,2018-02-11,19.95
PRD02069,Graphic Novel Premium,Books & Stationery,Fiction,Brand03,SUP138,904.18,2043.16,55.75,True,2020-09-19,21.34
PRD02070,Graphic Novel Lite,Books & Stationery,Fiction,Brand34,SUP082,576.15,1176.1,51.01,True,2019-10-09,2.42
PRD02071,Graphic Novel Max,Books & Stationery,Fiction,Brand45,SUP048,1489.79,3229.56,53.87,True,2023-06-18,24.98
PRD02072,Graphic Novel Pro,Books & Stationery,Fiction,Brand46,SUP049,520.37,1053.81,50.62,True,2018-01-14,22.34
PRD02073,Graphic Novel Eco,Books & Stationery,Fiction,Brand39,SUP091,1221.7,2621.68,53.4,True,2018-11-25,23.91
PRD02074,Graphic Novel Classic,Books & Stationery,Fiction,Brand32,SUP199,1866.16,3974.08,53.04,True,2021-04-17,1.16
PRD02075,Graphic Novel Premium,Books & Stationery,Fiction,Brand16,SUP060,232.58,491.42,52.67,True,2019-07-22,24.11
PRD02076,Graphic Novel Eco,Books & Stationery,Fiction,Brand45,SUP058,1233.56,2884.57,57.24,True,2019-02-06,2.5
PRD02077,Business Book,Books & Stationery,Non-Fiction,Brand46,SUP025,1150.2,2210.1,47.96,True,2021-08-27,23.83
PRD02078,Business Book Elite,books & stationery,Non-Fiction,Brand49,SUP184,1513.78,3370.21,55.08,True,2021-02-02,13.9
PRD02079,Business Book Elite,Books & Stationery,Non-Fiction,Brand05,SUP087,1000.92,1804.37,44.53,True,2018-09-02,10.64
PRD02080,Business Book Classic,Books & Stationery,Non-Fiction,Brand34,SUP149,1577.18,3326.94,52.59,True,2018-06-04,7.64
PRD02081,Business Book Classic,Books & Stationery,Non-Fiction,Brand50,SUP004,1027.44,2390.5,57.02,True,2022-02-15,16.67
PRD02082,Business Book Select,Books & Stationery,Non-Fiction,Brand50,SUP017,335.77,642.85,47.77,True,2023-12-07,5.82
PRD02083,Business Book Lite,Books & Stationery,Non-Fiction,Brand33,SUP172,968.14,1831.27,47.13,True,2018-12-08,19.46
PRD02084,Business Book Lite,Books & Stationery,Non-Fiction,Brand33,SUP093,668.01,1352.01,50.59,True,2022-04-20,7.22
PRD02085,Business Book Classic,Books & Stationery,Non-Fiction,Brand47,SUP088,1264.6,2545.1,50.31,True,2023-03-25,3.5
PRD02086,Business Book Premium,Books & Stationery,Non-Fiction,Brand14,SUP122,1283.17,2410.94,46.78,True,2021-12-20,21.75
PRD02087,Business Book Select,Books & Stationery,Non-Fiction,Brand45,SUP149,1106.35,2571.04,56.97,True,2023-04-15,18.43
PRD02088,Business Book Lite,Books & Stationery,Non-Fiction,Brand17,SUP127,1880.61,3368.04,44.16,True,2020-06-23,1.22
PRD02089,Self-Help,Books & Stationery,Non-Fiction,Brand21,SUP101,735.15,1596.89,53.96,True,2018-11-15,24.55
PRD02090,Self-Help Plus,Books & Stationery,Non-Fiction,Brand10,SUP130,1457.89,3455.24,57.81,True,2022-02-20,11.74
PRD02091,Self-Help Premium,Books & Stationery,Non-Fiction,Brand42,SUP138,462.02,834.58,44.64,True,2022-07-18,18.47
PRD02092,Self-Help Lite,Books & Stationery,Non-Fiction,Brand45,SUP173,1103.29,2139.87,48.44,True,2021-06-18,18.06
PRD02093,Self-Help Pro,Books & Stationery,Non-Fiction,Brand15,SUP069,336.96,782.11,56.92,True,2023-12-18,15.0
PRD02094,Self-Help Premium,Books & Stationery,Non-Fiction,Brand31,SUP173,270.06,541.28,50.11,True,2018-11-27,8.37
PRD02095,Self-Help Max,Books & Stationery,Non-Fiction,Brand33,SUP073,717.13,1366.52,47.52,True,2020-03-14,0.48
PRD02096,Self-Help Select,Books & Stationery,Non-Fiction,Brand42,SUP188,964.09,1745.67,44.77,True,2018-02-13,4.96
PRD02097,Self-Help Eco,Books & Stationery,Non-Fiction,Brand48,SUP063,1069.1,2157.61,50.45,True,2018-06-20,3.28
PRD02098,Self-Help Elite,Books & Stationery,Non-Fiction,Brand40,SUP115,1249.73,2846.72,56.1,True,2023-06-11,23.02
PRD02099,Self-Help Pro,Books & Stationery,Non-Fiction,Brand39,SUP033,486.1,1016.35,52.17,True,2023-06-03,18.18
PRD02100,Self-Help Elite,Books & Stationery,Non-Fiction,Brand36,SUP049,446.62,990.46,54.91,True,2019-12-13,13.64
PRD02101,Biography,Books & Stationery,Non-Fiction,Brand30,SUP019,1871.88,3999.12,53.19,True,2018-08-01,8.4
PRD02102,Biography Eco,Books & Stationery,Non-Fiction,Brand35,SUP199,707.42,1456.33,51.42,True,2019-04-25,4.71
PRD02103,Biography Eco,Books & Stationery,Non-Fiction,Brand27,SUP194,1291.76,2333.31,44.64,False,2022-10-10,21.96
PRD02104,Biography Premium,Books & Stationery,Non-Fiction,Brand31,SUP011,486.33,1060.01,54.12,True,2018-11-15,2.89
PRD02105,Biography Lite,Books & Stationery,Non-Fiction,Brand38,SUP153,1830.96,3728.09,50.89,True,2019-10-21,16.88
PRD02106,Biography Premium,Books & Stationery,Non-Fiction,Brand26,SUP156,576.66,1265.94,54.45,True,2020-06-17,12.73
PRD02107,Biography Eco,Books & Stationery,Non-Fiction,Brand47,SUP166,1503.55,3108.28,51.63,True,2022-05-13,23.94
PRD02108,Biography Plus,Books & Stationery,Non-Fiction,Brand14,SUP131,1730.34,3244.99,46.68,True,2020-05-26,20.08
PRD02109,Biography Eco,Books & Stationery,Non-Fiction,Brand02,SUP012,579.63,1330.0,56.42,True,2020-11-15,14.06
PRD02110,Biography Select,Books & Stationery,Non-Fiction,Brand41,SUP157,486.19,914.99,46.86,True,2018-09-06,8.06
PRD02111,Biography Max,Books & Stationery,Non-Fiction,Brand23,SUP001,582.57,1264.24,53.92,True,2019-12-03,19.18
PRD02112,Biography Premium,Books & Stationery,Non-Fiction,Brand01,SUP169,528.74,1225.42,56.85,True,2021-09-16,20.39
PRD02113,Popular Science,Books & Stationery,Non-Fiction,Brand44,SUP007,275.84,549.68,49.82,True,2023-06-16,19.12
PRD02114,Popular Science Select,Books & Stationery,Non-Fiction,Brand43,SUP091,1515.63,3478.86,56.43,True,2020-10-14,3.04
PRD02115,Popular Science Lite,Books & Stationery,Non-Fiction,Brand03,SUP009,1593.77,3349.99,52.42,True,2022-03-02,15.2
PRD02116,Popular Science Elite,Books & Stationery,Non-Fiction,Brand01,SUP160,1427.58,2927.89,51.24,False,2021-10-26,6.76
PRD02117,Popular Science Plus,Books & Stationery,Non-Fiction,Brand05,SUP083,1685.39,3018.76,44.17,True,2020-02-26,13.08
PRD02118,Popular Science Max,Books & Stationery,Non-Fiction,Brand30,SUP114,727.77,1314.23,44.62,True,2020-03-13,19.16
PRD02119,Popular Science Lite,Books & Stationery,Non-Fiction,Brand23,SUP013,1643.05,3007.92,45.38,True,2023-10-16,21.84
PRD02120,Popular Science Eco,Books & Stationery,Non-Fiction,Brand20,SUP006,499.54,1149.01,56.52,True,2021-12-15,1.33
PRD02121,Popular Science Premium,Books & Stationery,Non-Fiction,Brand17,SUP056,188.72,375.98,49.81,False,2021-02-05,5.32
PRD02122,Popular Science Lite,Books & Stationery,Non-Fiction,Brand07,SUP170,885.71,1685.64,47.46,True,2021-11-19,6.98
PRD02123,Popular Science Classic,Books & Stationery,Non-Fiction,Brand31,SUP026,1654.63,3488.24,52.57,True,2019-08-13,6.02
PRD02124,Popular Science Select,Books & Stationery,Non-Fiction,Brand08,SUP116,1345.6,2603.7,48.32,True,2018-07-12,0.18
PRD02125,History,Books & Stationery,Non-Fiction,Brand28,SUP116,1074.96,2074.26,48.18,True,2023-12-16,10.51
PRD02126,History Eco,Books & Stationery,Non-Fiction,Brand25,SUP038,1364.71,3168.14,56.92,True,2018-04-01,19.14
PRD02127,History Classic,Books & Stationery,Non-Fiction,Brand40,SUP082,225.23,413.21,45.49,True,2022-04-23,21.3
PRD02128,History Max,Books & Stationery,Non-Fiction,Brand18,SUP130,917.33,2181.43,57.95,True,2019-11-12,21.88
PRD02129,History Premium,Books & Stationery,Non-Fiction,Brand03,SUP067,181.12,332.66,45.55,True,2021-12-11,2.36
PRD02130,History Classic,Books & Stationery,Non-Fiction,Brand33,SUP143,761.22,1488.87,48.87,True,2021-01-12,16.1
PRD02131,History Plus,Books & Stationery,Non-Fiction,Brand31,SUP073,548.33,1090.1,49.7,False,2020-12-07,19.42
PRD02132,History Eco,Books & Stationery,Non-Fiction,Brand24,SUP170,529.1,1187.6,55.45,True,2020-03-11,6.04
PRD02133,History Lite,Books & Stationery,Non-Fiction,Brand24,SUP153,262.6,563.6,53.41,True,2022-08-12,7.54
PRD02134,History Lite,Books & Stationery,Non-Fiction,Brand05,SUP123,437.94,986.93,55.63,False,2023-01-15,1.55
PRD02135,History Pro,Books & Stationery,Non-Fiction,Brand29,SUP035,1515.62,2857.56,46.96,True,2023-10-05,19.94
PRD02136,History Max,Books & Stationery,Non-Fiction,Brand25,SUP070,887.55,1590.15,44.18,True,2022-03-21,17.67
PRD02137,Personal Finance,Books & Stationery,Non-Fiction,Brand37,SUP016,916.21,1779.95,48.53,True,2020-10-09,21.93
PRD02138,Personal Finance Lite,Books & Stationery,Non-Fiction,Brand07,SUP177,593.9,1126.72,47.29,True,2018-05-15,18.27
PRD02139,Personal Finance Classic,Books & Stationery,Non-Fiction,Brand40,SUP081,1503.3,2943.75,48.93,True,2023-06-20,10.86
PRD02140,Personal Finance Lite,Books & Stationery,Non-Fiction,Brand38,SUP174,1630.25,2977.28,45.24,True,2020-03-25,15.16
PRD02141,Personal Finance Elite,Books & Stationery,Non-Fiction,Brand47,SUP151,115.02,250.68,54.12,True,2021-09-23,21.55
PRD02142,Personal Finance Pro,books & stationery,Non-Fiction,Brand43,SUP132,706.67,1431.62,50.64,True,2023-07-05,8.74
PRD02143,Personal Finance Plus,Books & Stationery,Non-Fiction,Brand30,SUP199,1498.33,3424.73,56.25,True,2018-09-24,8.75
PRD02144,Personal Finance Eco,Books & Stationery,Non-Fiction,Brand41,SUP113,258.46,499.24,48.23,True,2020-11-09,23.84
PRD02145,Personal Finance Premium,Books & Stationery,Non-Fiction,Brand08,SUP035,869.86,1746.09,50.18,True,2019-03-22,10.94
PRD02146,Personal Finance Elite,Books & Stationery,Non-Fiction,Brand44,SUP089,1727.46,3408.81,49.32,True,2018-12-24,22.54
PRD02147,Personal Finance Premium,Books & Stationery,Non-Fiction,Brand41,SUP087,1472.56,3158.52,53.38,True,2022-09-13,16.55
PRD02148,Personal Finance Premium,Books & Stationery,Non-Fiction,Brand24,SUP143,1159.34,2658.51,56.39,True,2019-11-23,0.32
PRD02149,Notebook,Books & Stationery,Stationery,Brand20,SUP184,1681.91,3045.74,44.78,True,2022-04-23,2.6
PRD02150,Notebook Plus,Books & Stationery,Stationery,Brand45,SUP087,1017.69,2127.04,52.15,True,2018-04-18,24.5
PRD02151,Notebook Select,books & stationery,Stationery,Brand26,SUP105,1643.17,3721.87,55.85,True,2021-09-24,20.08
PRD02152,Notebook Select,Books & Stationery,Stationery,Brand06,SUP066,1588.0,3635.1,56.31,True,2019-09-15,4.49
PRD02153,Notebook Premium,Books & Stationery,Stationery,Brand42,SUP169,1001.93,2133.63,53.04,False,2022-12-13,0.61
PRD02154,Notebook Premium,Books & Stationery,Stationery,Brand32,SUP030,1717.25,3205.9,46.43,True,2021-02-16,17.92
PRD02155,Notebook Premium,Books & Stationery,Stationery,Brand19,SUP110,1230.5,2248.07,45.26,True,2021-05-21,8.02
PRD02156,Notebook Lite,Books & Stationery,Stationery,Brand39,SUP024,1606.78,2978.51,46.05,True,2019-06-09,15.97
PRD02157,Notebook Eco,Books & Stationery,Stationery,Brand29,SUP034,462.67,1031.27,55.14,True,2023-11-17,20.75
PRD02158,Notebook Elite,Books & Stationery,Stationery,Brand20,SUP099,475.56,1008.79,52.86,False,2022-09-12,16.33
PRD02159,Notebook Premium,Books & Stationery,Stationery,Brand24,SUP187,923.14,1752.74,47.33,True,2023-10-10,24.76
PRD02160,Notebook Premium,Books & Stationery,Stationery,Brand27,SUP009,1763.06,3175.29,44.48,True,2018-09-12,10.52
PRD02161,Pen Set,Books & Stationery,Stationery,Brand08,SUP056,574.5,1195.96,51.96,True,2022-08-16,21.04
PRD02162,Pen Set Pro,Books & Stationery,Stationery,Brand22,SUP079,411.41,768.31,46.45,True,2022-06-22,12.57
PRD02163,Pen Set Classic,Books & Stationery,Stationery,Brand03,SUP140,1110.98,2309.8,51.9,True,2019-05-12,14.06
PRD02164,Pen Set Elite,Books & Stationery,Stationery,Brand23,SUP095,1822.59,3292.71,44.65,True,2020-02-26,24.04
PRD02165,Pen Set Eco,Books & Stationery,Stationery,Brand02,SUP055,646.09,1511.46,57.25,True,2023-12-06,15.03
PRD02166,Pen Set Select,Books & Stationery,Stationery,Brand18,SUP050,1550.34,3008.63,48.47,True,2021-10-04,6.32
PRD02167,Pen Set Lite,Books & Stationery,Stationery,Brand26,SUP095,1444.39,2839.51,49.13,True,2019-01-18,2.8
PRD02168,Pen Set Classic,Books & Stationery,Stationery,Brand34,SUP141,1308.01,2595.76,49.61,True,2020-11-02,22.34
PRD02169,Pen Set Pro,Books & Stationery,Stationery,Brand29,SUP042,566.54,1022.55,44.6,True,2019-02-22,19.81
PRD02170,Pen Set Eco,Books & Stationery,Stationery,Brand24,SUP084,1182.72,2795.38,57.69,True,2018-09-06,4.49
PRD02171,Pen Set Premium,Books & Stationery,Stationery,Brand17,SUP192,197.54,384.25,48.59,True,2019-10-21,23.45
PRD02172,Pen Set Max,books & stationery,Stationery,Brand30,SUP056,242.2,449.4,46.11,True,2018-11-17,19.54
PRD02173,Marker Set,Books & Stationery,Stationery,Brand33,SUP079,471.69,1011.16,53.35,True,2023-09-21,18.82
PRD02174,Marker Set Pro,Books & Stationery,Stationery,Brand34,SUP062,511.8,1081.94,52.7,True,2019-11-12,19.36
PRD02175,Marker Set Eco,Books & Stationery,Stationery,Brand10,SUP096,68.78,140.41,51.01,True,2021-12-14,13.6
PRD02176,Marker Set Classic,Books & Stationery,Stationery,Brand38,SUP191,652.72,1264.63,48.39,True,2018-06-18,22.12
PRD02177,Marker Set Select,Books & Stationery,Stationery,Brand02,SUP050,550.72,1125.91,51.09,True,2023-03-17,18.34
PRD02178,Marker Set Premium,Books & Stationery,Stationery,Brand41,SUP003,595.64,1252.77,52.45,True,2018-06-25,24.08
PRD02179,Marker Set Elite,Books & Stationery,Stationery,Brand30,SUP145,1569.01,3024.33,48.12,True,2018-10-05,21.68
PRD02180,Marker Set Plus,Books & Stationery,Stationery,Brand04,SUP099,514.33,956.82,46.25,True,2022-04-06,4.33
PRD02181,Marker Set Plus,Books & Stationery,Stationery,Brand25,SUP114,635.51,1484.04,57.18,True,2019-06-01,9.19
PRD02182,Marker Set Plus,Books & Stationery,Stationery,Brand06,SUP196,271.94,488.91,44.38,True,2019-01-02,17.0
PRD02183,Marker Set Elite,Books & Stationery,Stationery,Brand10,SUP033,1220.16,2795.19,56.35,True,2022-07-27,20.23
PRD02184,Marker Set Elite,Books & Stationery,Stationery,Brand41,SUP071,297.4,695.83,57.26,True,2019-06-26,3.98
PRD02185,Art Supply Kit,Books & Stationery,Stationery,Brand37,SUP182,1510.97,3002.34,49.67,True,2018-01-14,22.52
PRD02186,Art Supply Kit Premium,Books & Stationery,Stationery,Brand10,SUP122,417.45,766.4,45.53,True,2018-05-04,5.1
PRD02187,Art Supply Kit Elite,Books & Stationery,Stationery,Brand12,SUP127,1571.49,2990.73,47.45,True,2022-01-23,15.99
PRD02188,Art Supply Kit Premium,Books & Stationery,Stationery,Brand44,SUP105,602.86,1265.74,52.37,True,2020-04-12,13.62
PRD02189,Art Supply Kit Premium,Books & Stationery,Stationery,Brand23,SUP066,1430.35,2593.44,44.85,True,2018-04-17,8.24
PRD02190,Art Supply Kit Premium,Books & Stationery,Stationery,Brand16,SUP200,209.19,486.05,56.96,True,2019-04-16,6.71
PRD02191,Art Supply Kit Lite,Books & Stationery,Stationery,Brand01,SUP057,1633.1,3516.48,53.56,True,2021-12-01,15.52
PRD02192,Art Supply Kit Max,Books & Stationery,Stationery,Brand29,SUP012,448.13,1032.44,56.59,True,2019-10-15,4.22
PRD02193,Art Supply Kit Pro,Books & Stationery,Stationery,Brand22,SUP018,1028.28,2415.55,57.43,True,2020-09-08,4.13
PRD02194,Art Supply Kit Plus,Books & Stationery,Stationery,Brand37,SUP019,1142.86,2628.4,56.52,True,2018-12-01,7.77
PRD02195,Art Supply Kit Select,Books & Stationery,Stationery,Brand43,SUP157,1310.87,2523.98,48.06,True,2020-01-24,17.1
PRD02196,Art Supply Kit Classic,Books & Stationery,Stationery,Brand29,SUP173,1734.28,3880.94,55.31,True,2019-02-24,1.44
PRD02197,Planner,Books & Stationery,Stationery,Brand37,SUP057,1816.22,3532.05,48.58,True,2019-09-01,8.9
PRD02198,Planner Pro,Books & Stationery,Stationery,Brand14,SUP048,1678.81,3218.38,47.84,True,2023-08-03,14.55
PRD02199,Planner Eco,Books & Stationery,Stationery,Brand31,SUP034,482.46,910.51,47.01,True,2018-04-07,21.36
PRD02200,Planner Elite,Books & Stationery,Stationery,Brand47,SUP018,1097.47,2071.15,47.01,True,2022-10-26,6.77
PRD02201,Planner Pro,Books & Stationery,Stationery,Brand09,SUP120,611.08,1207.75,49.4,True,2022-10-25,6.1
PRD02202,Planner Elite,Books & Stationery,Stationery,Brand08,SUP011,383.7,752.66,49.02,True,2023-01-22,18.73
PRD02203,Planner Premium,Books & Stationery,Stationery,Brand22,SUP157,518.54,959.71,45.97,True,2022-02-01,16.54
PRD02204,Planner Elite,Books & Stationery,Stationery,Brand01,SUP094,439.12,907.27,51.6,True,2021-02-24,18.07
PRD02205,Planner Elite,Books & Stationery,Stationery,Brand40,SUP189,134.42,299.07,55.05,True,2021-09-22,5.55
PRD02206,Planner Pro,Books & Stationery,Stationery,Brand26,SUP100,776.22,1518.99,48.9,True,2023-11-09,23.54
PRD02207,Planner Lite,Books & Stationery,Stationery,Brand46,SUP185,1368.25,2617.41,47.73,True,2020-09-13,23.1
PRD02208,Planner Max,Books & Stationery,Stationery,Brand34,SUP027,560.97,1092.79,48.67,True,2023-09-06,23.71
PRD02209,Sticky Notes,Books & Stationery,Stationery,Brand18,SUP176,1511.33,2954.41,48.84,True,2020-03-16,19.43
PRD02210,Sticky Notes Elite,Books & Stationery,Stationery,Brand03,SUP120,168.11,377.49,55.47,False,2023-02-04,4.59
PRD02211,Sticky Notes Eco,Books & Stationery,Stationery,Brand33,SUP119,481.82,956.46,49.62,True,2023-05-15,8.05
PRD02212,Sticky Notes Eco,Books & Stationery,Stationery,Brand16,SUP066,1554.76,2855.22,45.55,True,2018-01-16,3.24
PRD02213,Sticky Notes Elite,books & stationery,Stationery,Brand06,SUP020,254.4,572.49,55.56,True,2021-03-25,17.72
PRD02214,Sticky Notes Premium,Books & Stationery,Stationery,Brand21,SUP032,177.89,409.29,56.54,True,2019-01-20,7.65
PRD02215,Sticky Notes Premium,Books & Stationery,Stationery,Brand30,SUP062,720.7,1339.31,46.19,True,2023-01-27,4.49
PRD02216,Sticky Notes Eco,Books & Stationery,Stationery,Brand35,SUP037,1546.25,3595.39,56.99,True,2018-12-03,15.08
PRD02217,Sticky Notes Classic,Books & Stationery,Stationery,Brand09,SUP098,1921.56,3786.07,49.25,True,2019-02-16,5.82
PRD02218,Sticky Notes Eco,Books & Stationery,Stationery,Brand32,SUP137,1461.93,2669.32,45.23,True,2020-04-18,16.86
PRD02219,Sticky Notes Lite,Books & Stationery,Stationery,Brand26,SUP090,884.84,1973.85,55.17,True,2019-02-26,2.48
PRD02220,Sticky Notes Max,Books & Stationery,Stationery,Brand06,SUP119,1824.85,4042.35,54.86,False,2021-01-16,23.34
PRD02221,File Folder Set,Books & Stationery,Stationery,Brand12,SUP078,751.45,1537.36,51.12,True,2021-10-06,13.88
PRD02222,File Folder Set Eco,Books & Stationery,Stationery,Brand36,SUP159,726.25,1595.11,54.47,True,2022-06-17,16.31
PRD02223,File Folder Set Eco,Books & Stationery,Stationery,Brand44,SUP052,1332.11,2778.33,52.05,True,2019-09-26,1.61
PRD02224,File Folder Set Lite,Books & Stationery,Stationery,Brand46,SUP103,1744.74,3678.71,52.57,True,2021-07-20,13.18
PRD02225,File Folder Set Classic,Books & Stationery,Stationery,Brand13,SUP163,742.37,1326.61,44.04,True,2023-08-21,12.76
PRD02226,File Folder Set Plus,Books & Stationery,Stationery,Brand03,SUP012,640.57,1520.65,57.88,True,2021-12-03,5.43
PRD02227,File Folder Set Pro,Books & Stationery,Stationery,Brand41,SUP006,1357.05,2490.76,45.52,True,2021-07-08,3.52
PRD02228,File Folder Set Eco,Books & Stationery,Stationery,Brand01,SUP145,1549.04,3191.36,51.46,True,2021-09-18,0.97
PRD02229,File Folder Set Pro,Books & Stationery,Stationery,Brand35,SUP111,133.3,260.82,48.89,True,2021-08-06,17.11
PRD02230,File Folder Set Premium,Books & Stationery,Stationery,Brand22,SUP188,117.86,244.5,51.79,True,2019-12-06,14.15
PRD02231,File Folder Set Plus,Books & Stationery,Stationery,Brand26,SUP140,344.22,684.06,49.68,True,2018-04-21,23.91
PRD02232,File Folder Set Premium,Books & Stationery,Stationery,Brand16,SUP067,444.81,838.03,46.92,True,2023-04-09,18.56
PRD02233,Online Course Voucher,Books & Stationery,Digital Learning,Brand23,SUP156,138.07,285.76,51.68,True,2021-06-09,15.95
PRD02234,Online Course Voucher Lite,BOOKS & STATIONERY,Digital Learning,Brand45,SUP144,1041.44,1924.16,45.88,True,2022-03-20,6.2
PRD02235,Online Course Voucher Plus,Books & Stationery,Digital Learning,Brand02,SUP096,867.2,1714.38,49.42,True,2020-05-01,21.19
PRD02236,Online Course Voucher Elite,Books & Stationery,Digital Learning,Brand40,SUP065,334.75,683.35,51.01,True,2021-10-17,18.96
PRD02237,Online Course Voucher Select,Books & Stationery,Digital Learning,Brand02,SUP067,1655.23,3211.62,48.46,True,2021-03-22,17.03
PRD02238,Online Course Voucher Plus,Books & Stationery,Digital Learning,Brand30,SUP069,1503.69,3541.88,57.55,True,2023-02-05,20.0
PRD02239,Online Course Voucher Elite,Books & Stationery,Digital Learning,Brand13,SUP181,1356.05,3205.12,57.69,True,2019-10-02,15.87
PRD02240,Online Course Voucher Plus,Books & Stationery,Digital Learning,Brand09,SUP117,1062.15,1980.27,46.36,False,2022-06-21,18.34
PRD02241,Online Course Voucher Max,Books & Stationery,Digital Learning,Brand02,SUP003,1274.28,2535.04,49.73,True,2022-08-08,23.67
PRD02242,Online Course Voucher Elite,Books & Stationery,Digital Learning,Brand49,SUP135,628.21,1198.23,47.57,True,2018-09-12,19.71
PRD02243,Online Course Voucher Select,Books & Stationery,Digital Learning,Brand49,SUP113,1710.2,3765.21,54.58,True,2018-02-04,22.77
PRD02244,Online Course Voucher Elite,Books & Stationery,Digital Learning,Brand42,SUP152,1804.83,3487.08,48.24,True,2021-05-17,24.4
PRD02245,Coding Kit for Kids,Books & Stationery,Digital Learning,Brand49,SUP008,639.78,1142.79,44.02,True,2020-08-20,15.15
PRD02246,Coding Kit for Kids Pro,Books & Stationery,Digital Learning,Brand42,SUP009,628.44,1150.98,45.4,True,2020-01-24,0.54
PRD02247,Coding Kit for Kids Lite,Books & Stationery,Digital Learning,Brand48,SUP056,1663.81,3658.75,54.53,True,2019-07-18,23.15
PRD02248,Coding Kit for Kids Elite,Books & Stationery,Digital Learning,Brand27,SUP001,1911.38,3810.14,49.83,True,2019-12-23,19.99
PRD02249,Coding Kit for Kids Max,Books & Stationery,Digital Learning,Brand07,SUP009,709.9,1669.79,57.49,True,2020-11-15,18.97
PRD02250,Coding Kit for Kids Eco,Books & Stationery,Digital Learning,Brand09,SUP074,1199.85,2184.72,45.08,True,2021-04-14,8.95
PRD02251,Coding Kit for Kids Plus,Books & Stationery,Digital Learning,Brand25,SUP029,162.48,361.09,55.0,True,2021-10-08,6.98
PRD02252,Coding Kit for Kids Premium,Books & Stationery,Digital Learning,Brand14,SUP052,185.45,402.33,53.91,True,2019-08-11,12.82
PRD02253,Coding Kit for Kids Lite,Books & Stationery,Digital Learning,Brand01,SUP099,785.37,1512.15,48.06,True,2023-02-20,23.97
PRD02254,Coding Kit for Kids Premium,Books & Stationery,Digital Learning,Brand06,SUP092,72.76,156.31,53.45,True,2020-03-02,24.74
PRD02255,Coding Kit for Kids Max,Books & Stationery,Digital Learning,Brand01,SUP049,1146.4,2271.44,49.53,True,2021-08-06,12.31
PRD02256,Coding Kit for Kids Lite,Books & Stationery,Digital Learning,Brand17,SUP148,91.26,217.25,57.99,True,2020-01-20,22.23
PRD02257,Learning Subscription Card,Books & Stationery,Digital Learning,Brand20,SUP164,1816.01,3403.86,46.65,False,2022-01-20,0.22
PRD02258,Learning Subscription Card Eco,Books & Stationery,Digital Learning,Brand29,SUP052,1765.42,3842.41,54.05,True,2020-11-20,20.2
PRD02259,Learning Subscription Card Lite,Books & Stationery,Digital Learning,Brand03,SUP068,1600.65,2874.02,44.31,True,2019-01-17,8.2
PRD02260,Learning Subscription Card Max,Books & Stationery,Digital Learning,Brand39,SUP089,1874.85,3427.73,45.3,True,2020-09-01,18.22
PRD02261,Learning Subscription Card Max,Books & Stationery,Digital Learning,Brand26,SUP043,1500.7,2912.02,48.47,True,2021-06-17,10.91
PRD02262,Learning Subscription Card Premium,Books & Stationery,Digital Learning,Brand06,SUP119,1698.51,3697.17,54.06,True,2022-10-26,15.12
PRD02263,Learning Subscription Card Plus,Books & Stationery,Digital Learning,Brand07,SUP030,118.73,259.7,54.28,True,2023-02-19,13.37
PRD02264,Learning Subscription Card Elite,Books & Stationery,Digital Learning,Brand05,SUP120,1185.83,2371.85,50.0,True,2023-09-09,4.86
PRD02265,Learning Subscription Card Classic,Books & Stationery,Digital Learning,Brand18,SUP189,1910.9,4464.29,57.2,True,2019-07-12,24.2
PRD02266,Learning Subscription Card Plus,Books & Stationery,Digital Learning,Brand05,SUP025,1741.51,3838.66,54.63,True,2022-01-11,22.05
PRD02267,Learning Subscription Card Select,Books & Stationery,Digital Learning,Brand33,SUP033,825.62,1947.15,57.6,True,2018-07-02,9.94
PRD02268,Learning Subscription Card Max,Books & Stationery,Digital Learning,Brand48,SUP165,1767.82,3351.37,47.25,True,2018-11-27,16.39
PRD02269,STEM Kit,Books & Stationery,Digital Learning,Brand33,SUP192,1737.4,4124.34,57.87,False,2022-12-12,7.28
PRD02270,STEM Kit Elite,Books & Stationery,Digital Learning,Brand31,SUP098,1598.42,3436.43,53.49,True,2023-09-26,2.61
PRD02271,STEM Kit Select,Books & Stationery,Digital Learning,Brand18,SUP122,712.09,1509.43,52.82,True,2022-02-23,4.57
PRD02272,STEM Kit Elite,Books & Stationery,Digital Learning,Brand25,SUP009,405.71,734.08,44.73,True,2018-10-23,23.72
PRD02273,STEM Kit Premium,Books & Stationery,Digital Learning,Brand29,SUP008,1594.51,2847.8,44.01,True,2018-06-12,23.58
PRD02274,STEM Kit Eco,Books & Stationery,Digital Learning,Brand33,SUP058,1244.67,2382.01,47.75,True,2023-04-23,5.5
PRD02275,STEM Kit Elite,Books & Stationery,Digital Learning,Brand01,SUP087,351.9,810.53,56.58,True,2022-04-17,15.56
PRD02276,STEM Kit Select,Books & Stationery,Digital Learning,Brand35,SUP086,1670.11,3754.45,55.52,True,2020-03-18,12.47
PRD02277,STEM Kit Elite,Books & Stationery,Digital Learning,Brand16,SUP127,212.28,498.05,57.38,True,2018-03-16,18.35
PRD02278,STEM Kit Select,Books & Stationery,Digital Learning,Brand33,SUP003,351.08,697.48,49.66,True,2019-09-07,5.31
PRD02279,STEM Kit Max,Books & Stationery,Digital Learning,Brand13,SUP086,89.09,171.15,47.95,True,2022-01-05,14.25
PRD02280,STEM Kit Plus,Books & Stationery,Digital Learning,Brand45,SUP054,486.26,971.68,49.96,True,2022-03-08,3.2
PRD02281,Basmati Rice,Grocery & Food,Staples,Brand32,SUP126,2092.84,2246.49,6.84,True,2023-04-22,14.02
PRD02282,Basmati Rice Pro,Grocery & Food,Staples,Brand31,SUP101,715.79,747.67,4.26,True,2019-02-19,11.44
PRD02283,Basmati Rice Lite,Grocery & Food,Staples,Brand24,SUP005,1516.82,1633.32,7.13,True,2023-10-27,0.93
PRD02284,Basmati Rice Elite,Grocery & Food,Staples,Brand05,SUP137,643.54,696.03,7.54,True,2019-11-20,14.52
PRD02285,Basmati Rice Select,Grocery & Food,Staples,Brand11,SUP144,261.51,279.09,6.3,True,2023-05-17,12.1
PRD02286,Basmati Rice Select,Grocery & Food,Staples,Brand18,SUP058,1627.7,1784.42,8.78,True,2022-09-18,9.2
PRD02287,Basmati Rice Classic,Grocery & Food,Staples,Brand06,SUP177,694.15,726.24,4.42,True,2023-06-07,13.28
PRD02288,Basmati Rice Lite,Grocery & Food,Staples,Brand22,SUP121,1989.86,2111.54,5.76,True,2022-01-15,5.33
PRD02289,Basmati Rice Classic,Grocery & Food,Staples,Brand36,SUP072,98.19,106.1,7.45,True,2023-12-20,23.7
PRD02290,Basmati Rice Eco,Grocery & Food,Staples,Brand50,SUP057,1804.58,1979.05,8.82,True,2022-10-17,12.48
PRD02291,Basmati Rice Select,Grocery & Food,Staples,Brand06,SUP152,2530.91,2755.63,8.15,True,2019-07-24,5.91
PRD02292,Basmati Rice Pro,Grocery & Food,Staples,Brand04,SUP016,898.76,962.21,6.59,True,2023-10-06,6.84
PRD02293,Wheat Atta,Grocery & Food,Staples,Brand24,SUP049,2212.9,2383.82,7.17,True,2019-08-21,17.98
PRD02294,Wheat Atta Eco,Grocery & Food,Staples,Brand36,SUP119,1276.36,1401.14,8.91,True,2020-04-25,18.53
PRD02295,Wheat Atta Classic,Grocery & Food,Staples,Brand26,SUP160,2130.21,2269.03,6.12,True,2019-06-10,8.75
PRD02296,Wheat Atta Elite,Grocery & Food,Staples,Brand42,SUP067,2612.29,2744.69,4.82,False,2019-07-02,10.79
PRD02297,Wheat Atta Plus,Grocery & Food,Staples,Brand34,SUP196,1298.87,1375.94,5.6,True,2020-10-10,2.64
PRD02298,Wheat Atta Pro,Grocery & Food,Staples,Brand36,SUP071,257.36,271.02,5.04,True,2022-04-21,13.43
PRD02299,Wheat Atta Plus,Grocery & Food,Staples,Brand33,SUP006,921.55,960.24,4.03,True,2019-12-27,4.44
PRD02300,Wheat Atta Eco,Grocery & Food,Staples,Brand16,SUP002,176.28,193.18,8.75,True,2020-07-11,24.31
PRD02301,Wheat Atta Pro,Grocery & Food,Staples,Brand16,SUP003,1936.09,2067.79,6.37,True,2020-05-07,3.88
PRD02302,Wheat Atta Classic,Grocery & Food,Staples,Brand46,SUP133,1941.97,2118.84,8.35,True,2023-12-22,23.17
PRD02303,Wheat Atta Pro,Grocery & Food,Staples,Brand11,SUP015,152.14,161.96,6.06,True,2023-03-22,7.47
PRD02304,Wheat Atta Premium,Grocery & Food,Staples,Brand10,SUP037,2622.59,2736.03,4.15,True,2021-11-24,7.58
PRD02305,Toor Dal,Grocery & Food,Staples,Brand02,SUP122,1129.54,1205.15,6.27,True,2023-09-06,10.29
PRD02306,Toor Dal Classic,Grocery & Food,Staples,Brand11,SUP057,1980.1,2160.61,8.35,True,2019-11-15,9.21
PRD02307,Toor Dal Premium,Grocery & Food,Staples,Brand36,SUP180,620.19,681.35,8.98,True,2019-01-06,6.27
PRD02308,Toor Dal Max,Grocery & Food,Staples,Brand06,SUP195,385.49,406.41,5.15,True,2020-08-13,20.75
PRD02309,Toor Dal Elite,Grocery & Food,Staples,Brand46,SUP154,765.63,836.16,8.44,True,2023-01-07,15.63
PRD02310,Toor Dal Max,Grocery & Food,Staples,Brand04,SUP075,464.77,486.3,4.43,True,2021-07-07,23.34
PRD02311,Toor Dal Eco,Grocery & Food,Staples,Brand21,SUP052,2196.55,2297.34,4.39,True,2018-11-21,17.19
PRD02312,Toor Dal Plus,Grocery & Food,Staples,Brand47,SUP114,1905.99,2015.34,5.43,True,2023-06-13,1.27
PRD02313,Toor Dal Max,Grocery & Food,Staples,Brand30,SUP129,165.31,173.45,4.69,True,2022-06-05,6.96
PRD02314,Toor Dal Plus,Grocery & Food,Staples,Brand40,SUP120,233.91,256.89,8.95,True,2020-04-16,6.43
PRD02315,Toor Dal Max,Grocery & Food,Staples,Brand13,SUP114,583.14,616.98,5.48,True,2021-07-20,14.24
PRD02316,Toor Dal Lite,Grocery & Food,Staples,Brand17,SUP150,1505.82,1650.33,8.76,False,2021-09-20,12.61
PRD02317,Sugar,Grocery & Food,Staples,Brand36,SUP158,644.3,671.2,4.01,True,2021-10-12,16.02
PRD02318,Sugar Elite,Grocery & Food,Staples,Brand26,SUP130,1609.75,1697.95,5.19,True,2021-07-12,10.96
PRD02319,Sugar Max,Grocery & Food,Staples,Brand13,SUP076,2708.52,2959.24,8.47,True,2023-12-24,4.66
PRD02320,Sugar Eco,Grocery & Food,Staples,Brand05,SUP069,1222.1,1341.78,8.92,True,2023-02-03,23.82
PRD02321,Sugar Eco,Grocery & Food,Staples,Brand44,SUP025,1550.96,1693.25,8.4,True,2018-10-10,13.42
PRD02322,Sugar Pro,Grocery & Food,Staples,Brand41,SUP183,281.16,298.93,5.94,True,2019-09-13,1.86
PRD02323,Sugar Classic,Grocery & Food,Staples,Brand31,SUP069,561.82,589.56,4.71,True,2018-05-22,2.09
PRD02324,Sugar Pro,Grocery & Food,Staples,Brand03,SUP114,2452.6,2689.13,8.8,True,2023-05-18,4.45
PRD02325,Sugar Eco,Grocery & Food,Staples,Brand49,SUP042,2264.43,2466.96,8.21,True,2023-06-18,6.9
PRD02326,Sugar Select,Grocery & Food,Staples,Brand47,SUP126,424.04,445.16,4.74,True,2022-05-27,20.21
PRD02327,Sugar Classic,Grocery & Food,Staples,Brand37,SUP146,912.42,974.33,6.35,True,2022-04-14,1.18
PRD02328,Sugar Classic,Grocery & Food,Staples,Brand15,SUP130,1421.68,1507.63,5.7,True,2019-07-12,10.7
PRD02329,Cooking Oil,Grocery & Food,Staples,Brand12,SUP191,513.44,563.04,8.81,True,2020-06-19,10.96
PRD02330,Cooking Oil Premium,Grocery & Food,Staples,Brand38,SUP034,1190.31,1299.12,8.38,True,2021-12-26,23.92
PRD02331,Cooking Oil Eco,Grocery & Food,Staples,Brand45,SUP143,1964.69,2130.92,7.8,True,2023-06-27,17.61
PRD02332,Cooking Oil Pro,grocery & food,Staples,Brand17,SUP144,1666.7,1774.33,6.07,True,2022-03-06,15.29
PRD02333,Cooking Oil Pro,Grocery & Food,Staples,Brand30,SUP087,465.5,497.78,6.48,True,2021-02-03,6.54
PRD02334,Cooking Oil Classic,Grocery & Food,Staples,Brand39,SUP180,1704.7,1866.29,8.66,True,2022-11-04,22.31
PRD02335,Cooking Oil Elite,grocery & food,Staples,Brand27,SUP127,1422.27,1489.33,4.5,True,2022-02-01,15.58
PRD02336,Cooking Oil Lite,Grocery & Food,Staples,Brand42,SUP120,196.65,209.57,6.16,True,2023-02-01,12.37
PRD02337,Cooking Oil Eco,Grocery & Food,Staples,Brand36,SUP107,824.89,901.16,8.46,True,2020-03-10,13.09
PRD02338,Cooking Oil Select,Grocery & Food,Staples,Brand16,SUP072,2544.61,2678.56,5.0,True,2023-12-09,1.03
PRD02339,Cooking Oil Lite,Grocery & Food,Staples,Brand21,SUP004,1204.42,1288.19,6.5,True,2019-04-18,22.29
PRD02340,Cooking Oil Plus,Grocery & Food,Staples,Brand41,SUP107,1818.14,1959.85,7.23,True,2018-05-02,8.81
PRD02341,Rock Salt,Grocery & Food,Staples,Brand43,SUP012,2746.87,2911.26,5.65,True,2018-07-10,5.12
PRD02342,Rock Salt Eco,Grocery & Food,Staples,Brand25,SUP189,1080.87,1165.44,7.26,True,2023-01-14,24.54
PRD02343,Rock Salt Elite,Grocery & Food,Staples,Brand21,SUP064,281.58,297.6,5.38,True,2021-04-16,22.42
PRD02344,Rock Salt Plus,Grocery & Food,Staples,Brand28,SUP031,828.32,901.17,8.08,True,2020-08-09,9.77
PRD02345,Rock Salt Plus,Grocery & Food,Staples,Brand08,SUP025,2120.94,2265.57,6.38,True,2022-05-26,13.28
PRD02346,Rock Salt Elite,Grocery & Food,Staples,Brand35,SUP135,1830.76,1955.87,6.4,True,2020-05-27,18.04
PRD02347,Rock Salt Premium,Grocery & Food,Staples,Brand36,SUP105,1708.94,1825.93,6.41,True,2018-05-04,3.24
PRD02348,Rock Salt Premium,Grocery & Food,Staples,Brand12,SUP085,146.78,159.16,7.78,True,2022-06-05,17.75
PRD02349,Rock Salt Select,Grocery & Food,Staples,Brand25,SUP117,1314.41,1438.0,8.59,True,2020-09-25,5.73
PRD02350,Rock Salt Lite,Grocery & Food,Staples,Brand33,SUP193,2291.72,2411.6,4.97,True,2020-01-04,7.11
PRD02351,Rock Salt Max,Grocery & Food,Staples,Brand11,SUP190,2129.29,2305.54,7.64,True,2020-11-20,19.85
PRD02352,Rock Salt Classic,Grocery & Food,Staples,Brand17,SUP071,2466.74,2693.79,8.43,True,2019-11-04,1.58
PRD02353,Chana Dal,Grocery & Food,Staples,Brand35,SUP153,925.89,1004.24,7.8,True,2023-12-08,9.52
PRD02354,Chana Dal Plus,Grocery & Food,Staples,Brand48,SUP161,2170.8,2286.77,5.07,True,2021-05-23,12.02
PRD02355,Chana Dal Classic,Grocery & Food,Staples,Brand41,SUP018,2062.05,2189.56,5.82,True,2022-11-06,24.26
PRD02356,Chana Dal Max,Grocery & Food,Staples,Brand50,SUP111,2608.97,2808.34,7.1,True,2021-06-13,1.24
PRD02357,Chana Dal Lite,Grocery & Food,Staples,Brand06,SUP075,1550.66,1673.33,7.33,True,2019-06-22,24.65
PRD02358,Chana Dal Classic,Grocery & Food,Staples,Brand09,SUP199,763.58,831.85,8.21,True,2018-07-13,19.87
PRD02359,Chana Dal Premium,Grocery & Food,Staples,Brand28,SUP120,841.62,886.53,5.07,True,2018-08-05,8.07
PRD02360,Chana Dal Elite,Grocery & Food,Staples,Brand31,SUP108,2126.23,2228.84,4.6,True,2021-02-14,16.63
PRD02361,Chana Dal Elite,Grocery & Food,Staples,Brand41,SUP192,2355.82,2474.87,4.81,True,2018-04-14,5.02
PRD02362,Chana Dal Pro,Grocery & Food,Staples,Brand02,SUP161,328.53,343.56,4.37,True,2021-12-22,22.48
PRD02363,Chana Dal Premium,Grocery & Food,Staples,Brand21,SUP130,867.81,911.78,4.82,True,2023-05-03,24.62
PRD02364,Chana Dal Lite,Grocery & Food,Staples,Brand45,SUP076,1419.14,1505.11,5.71,True,2023-06-09,12.12
PRD02365,Biscuits Pack,Grocery & Food,Packaged Foods,Brand12,SUP063,673.29,719.26,6.39,True,2021-06-27,21.08
PRD02366,Biscuits Pack Plus,Grocery & Food,Packaged Foods,Brand27,SUP158,319.12,336.12,5.06,False,2019-03-21,9.01
PRD02367,Biscuits Pack Lite,Grocery & Food,Packaged Foods,Brand49,SUP112,265.83,284.44,6.54,True,2022-01-14,22.55
PRD02368,Biscuits Pack Eco,Grocery & Food,Packaged Foods,Brand37,SUP112,234.29,252.44,7.19,True,2022-01-25,8.12
PRD02369,Biscuits Pack Plus,Grocery & Food,Packaged Foods,Brand23,SUP072,227.63,238.15,4.42,True,2018-04-24,0.43
PRD02370,Biscuits Pack Premium,Grocery & Food,Packaged Foods,Brand02,SUP063,2244.64,2464.09,8.91,True,2022-02-22,12.68
PRD02371,Biscuits Pack Lite,Grocery & Food,Packaged Foods,Brand15,SUP174,2443.63,2642.9,7.54,True,2019-05-11,8.3
PRD02372,Biscuits Pack Max,Grocery & Food,Packaged Foods,Brand36,SUP130,563.28,613.77,8.23,True,2019-09-04,2.9
PRD02373,Biscuits Pack Plus,Grocery & Food,Packaged Foods,Brand49,SUP118,1753.77,1837.26,4.54,False,2019-03-24,9.25
PRD02374,Biscuits Pack Eco,Grocery & Food,Packaged Foods,Brand34,SUP200,1002.29,1050.54,4.59,True,2020-05-18,22.01
PRD02375,Biscuits Pack Pro,Grocery & Food,Packaged Foods,Brand35,SUP042,1746.01,1895.7,7.9,True,2020-06-18,0.27
PRD02376,Biscuits Pack Classic,Grocery & Food,Packaged Foods,Brand28,SUP043,1948.38,2057.66,5.31,False,2018-09-01,4.04
PRD02377,Chips & Snacks,Grocery & Food,Packaged Foods,Brand28,SUP017,142.91,149.9,4.66,True,2020-08-22,3.75
PRD02378,Chips & Snacks Select,Grocery & Food,Packaged Foods,Brand19,SUP047,1198.66,1277.27,6.15,True,2020-02-18,8.99
PRD02379,Chips & Snacks Premium,Grocery & Food,Packaged Foods,Brand42,SUP200,1965.42,2078.65,5.45,True,2023-09-22,20.35
PRD02380,Chips & Snacks Classic,Grocery & Food,Packaged Foods,Brand40,SUP009,1395.43,1460.25,4.44,True,2020-11-17,10.98
PRD02381,Chips & Snacks Elite,Grocery & Food,Packaged Foods,Brand13,SUP137,322.94,354.56,8.92,True,2021-03-04,18.51
PRD02382,Chips & Snacks Classic,Grocery & Food,Packaged Foods,Brand27,SUP048,1814.45,1939.94,6.47,True,2023-09-04,9.28
PRD02383,Chips & Snacks Plus,Grocery & Food,Packaged Foods,Brand41,SUP167,1464.61,1602.42,8.6,True,2020-12-11,6.85
PRD02384,Chips & Snacks Eco,Grocery & Food,Packaged Foods,Brand32,SUP003,1712.31,1817.34,5.78,True,2020-11-26,6.83
PRD02385,Chips & Snacks Classic,Grocery & Food,Packaged Foods,Brand08,SUP136,1446.63,1565.99,7.62,True,2022-02-05,21.72
PRD02386,Chips & Snacks Eco,Grocery & Food,Packaged Foods,Brand10,SUP160,1225.03,1287.92,4.88,True,2022-10-11,2.06
PRD02387,Chips & Snacks Select,Grocery & Food,Packaged Foods,Brand19,SUP180,358.19,386.28,7.27,True,2020-12-13,16.12
PRD02388,Chips & Snacks Select,Grocery & Food,Packaged Foods,Brand25,SUP195,1529.43,1606.9,4.82,True,2020-12-03,3.92
PRD02389,Instant Noodles,Grocery & Food,Packaged Foods,Brand32,SUP030,1500.45,1585.72,5.38,True,2020-02-18,9.91
PRD02390,Instant Noodles Max,Grocery & Food,Packaged Foods,Brand22,SUP130,509.25,553.8,8.04,True,2023-06-24,20.42
PRD02391,Instant Noodles Elite,Grocery & Food,Packaged Foods,Brand33,SUP021,366.42,392.56,6.66,True,2020-08-26,17.55
PRD02392,Instant Noodles Premium,Grocery & Food,Packaged Foods,Brand41,SUP153,2659.21,2897.73,8.23,True,2022-05-24,15.37
PRD02393,Instant Noodles Select,Grocery & Food,Packaged Foods,Brand06,SUP047,290.27,311.83,6.91,True,2023-05-16,5.03
PRD02394,Instant Noodles Classic,Grocery & Food,Packaged Foods,Brand34,SUP094,1461.94,1550.52,5.71,True,2021-07-07,13.19
PRD02395,Instant Noodles Classic,Grocery & Food,Packaged Foods,Brand45,SUP083,1318.11,1436.73,8.26,True,2022-07-02,23.14
PRD02396,Instant Noodles Classic,Grocery & Food,Packaged Foods,Brand35,SUP188,2728.75,2861.38,4.64,True,2020-09-27,23.34
PRD02397,Instant Noodles Lite,GROCERY & FOOD,Packaged Foods,Brand25,SUP014,2703.74,2837.66,4.72,True,2023-12-12,12.97
PRD02398,Instant Noodles Pro,Grocery & Food,Packaged Foods,Brand43,SUP127,192.68,207.31,7.06,True,2018-08-14,14.07
PRD02399,Instant Noodles Classic,Grocery & Food,Packaged Foods,Brand38,SUP048,1003.32,1046.65,4.14,True,2019-08-16,10.83
PRD02400,Instant Noodles Select,Grocery & Food,Packaged Foods,Brand29,SUP114,1660.17,1794.3,7.48,True,2021-03-12,12.33
PRD02401,Ready-to-Eat Meal,Grocery & Food,Packaged Foods,Brand11,SUP167,1292.53,1377.89,6.2,True,2022-11-25,15.66
PRD02402,Ready-to-Eat Meal Plus,Grocery & Food,Packaged Foods,Brand19,SUP118,220.08,237.4,7.29,True,2023-10-23,14.24
PRD02403,Ready-to-Eat Meal Pro,Grocery & Food,Packaged Foods,Brand44,SUP098,2535.01,2733.14,7.25,True,2018-06-18,7.65
PRD02404,Ready-to-Eat Meal Lite,Grocery & Food,Packaged Foods,Brand46,SUP186,2744.18,2964.58,7.43,True,2018-07-20,0.44
PRD02405,Ready-to-Eat Meal Lite,Grocery & Food,Packaged Foods,Brand14,SUP062,2118.41,2284.18,7.26,True,2022-05-23,21.67
PRD02406,Ready-to-Eat Meal Plus,Grocery & Food,Packaged Foods,Brand21,SUP130,1381.37,1477.99,6.54,True,2020-06-09,10.13
PRD02407,Ready-to-Eat Meal Select,Grocery & Food,Packaged Foods,Brand41,SUP058,887.78,957.52,7.28,True,2018-05-03,4.09
PRD02408,Ready-to-Eat Meal Eco,Grocery & Food,Packaged Foods,Brand28,SUP036,1172.31,1272.58,7.88,True,2018-09-22,9.9
PRD02409,Ready-to-Eat Meal Max,Grocery & Food,Packaged Foods,Brand02,SUP156,741.73,804.65,7.82,True,2022-08-24,2.33
PRD02410,Ready-to-Eat Meal Select,Grocery & Food,Packaged Foods,Brand24,SUP059,376.64,411.02,8.36,True,2020-06-02,16.13
PRD02411,Ready-to-Eat Meal Plus,Grocery & Food,Packaged Foods,Brand24,SUP087,2603.92,2811.36,7.38,True,2023-07-02,16.78
PRD02412,Ready-to-Eat Meal Pro,Grocery & Food,Packaged Foods,Brand31,SUP004,248.79,263.37,5.54,False,2019-10-17,7.22
PRD02413,Breakfast Cereal,Grocery & Food,Packaged Foods,Brand35,SUP003,1507.68,1592.16,5.31,True,2023-04-22,3.99
PRD02414,Breakfast Cereal Classic,Grocery & Food,Packaged Foods,Brand11,SUP109,966.23,1025.58,5.79,True,2018-05-22,24.92
PRD02415,Breakfast Cereal Plus,Grocery & Food,Packaged Foods,Brand07,SUP103,2576.05,2745.54,6.17,True,2018-07-24,6.77
PRD02416,Breakfast Cereal Select,Grocery & Food,Packaged Foods,Brand45,SUP183,619.18,660.07,6.19,True,2020-03-13,9.39
PRD02417,Breakfast Cereal Select,Grocery & Food,Packaged Foods,Brand38,SUP187,1262.83,1370.29,7.84,True,2020-11-04,0.13
PRD02418,Breakfast Cereal Max,Grocery & Food,Packaged Foods,Brand35,SUP058,391.27,411.1,4.82,True,2022-07-20,24.86
PRD02419,Breakfast Cereal Select,Grocery & Food,Packaged Foods,Brand08,SUP094,2650.51,2800.16,5.34,True,2018-10-03,8.57
PRD02420,Breakfast Cereal Eco,Grocery & Food,Packaged Foods,Brand30,SUP183,1500.72,1614.85,7.07,True,2022-10-23,2.21
PRD02421,Breakfast Cereal Max,Grocery & Food,Packaged Foods,Brand12,SUP069,2374.85,2552.23,6.95,True,2023-06-23,22.8
PRD02422,Breakfast Cereal Plus,Grocery & Food,Packaged Foods,Brand10,SUP062,1106.5,1166.44,5.14,True,2023-10-27,21.22
PRD02423,Breakfast Cereal Pro,Grocery & Food,Packaged Foods,Brand09,SUP145,1772.09,1859.71,4.71,True,2020-01-05,22.9
PRD02424,Breakfast Cereal Max,Grocery & Food,Packaged Foods,Brand45,SUP146,1908.88,2021.3,5.56,True,2021-05-11,9.9
PRD02425,Popcorn,Grocery & Food,Packaged Foods,Brand39,SUP084,123.56,132.42,6.69,True,2023-05-03,24.51
PRD02426,Popcorn Lite,Grocery & Food,Packaged Foods,Brand38,SUP011,487.62,509.03,4.21,True,2023-11-23,5.2
PRD02427,Popcorn Lite,Grocery & Food,Packaged Foods,Brand30,SUP108,499.65,522.07,4.29,True,2020-12-13,14.23
PRD02428,Popcorn Premium,Grocery & Food,Packaged Foods,Brand16,SUP140,2013.06,2143.17,6.07,True,2021-10-08,0.59
PRD02429,Popcorn Eco,Grocery & Food,Packaged Foods,Brand11,SUP098,2605.54,2825.24,7.78,True,2021-02-04,4.87
PRD02430,Popcorn Lite,Grocery & Food,Packaged Foods,Brand10,SUP190,2634.84,2819.22,6.54,True,2022-01-18,7.51
PRD02431,Popcorn Premium,Grocery & Food,Packaged Foods,Brand49,SUP010,244.02,256.39,4.82,True,2021-07-01,19.16
PRD02432,Popcorn Max,Grocery & Food,Packaged Foods,Brand18,SUP059,1379.97,1489.07,7.33,False,2021-05-02,19.99
PRD02433,Popcorn Pro,Grocery & Food,Packaged Foods,Brand46,SUP007,421.08,438.94,4.07,True,2019-07-23,18.67
PRD02434,Popcorn Plus,Grocery & Food,Packaged Foods,Brand28,SUP079,214.03,229.66,6.8,True,2020-02-27,3.76
PRD02435,Popcorn Lite,Grocery & Food,Packaged Foods,Brand23,SUP200,476.3,515.89,7.67,True,2022-08-02,17.48
PRD02436,Popcorn Premium,Grocery & Food,Packaged Foods,Brand44,SUP022,2735.93,2864.07,4.47,False,2020-01-14,7.04
PRD02437,Premium Tea,Grocery & Food,Beverages,Brand25,SUP048,1934.45,2045.72,5.44,True,2019-05-25,10.14
PRD02438,Premium Tea Premium,Grocery & Food,Beverages,Brand08,SUP015,1284.02,1409.67,8.91,True,2022-03-24,7.38
PRD02439,Premium Tea Classic,Grocery & Food,Beverages,Brand01,SUP073,877.78,930.14,5.63,True,2019-10-07,0.6
PRD02440,Premium Tea Classic,Grocery & Food,Beverages,Brand28,SUP188,830.92,884.35,6.04,True,2018-09-23,5.41
PRD02441,Premium Tea Eco,Grocery & Food,Beverages,Brand22,SUP128,2213.79,2350.27,5.81,True,2023-07-11,12.25
PRD02442,Premium Tea Eco,Grocery & Food,Beverages,Brand35,SUP039,852.15,912.14,6.58,True,2018-02-20,2.51
PRD02443,Premium Tea Premium,Grocery & Food,Beverages,Brand16,SUP059,2401.51,2602.37,7.72,True,2021-08-27,7.1
PRD02444,Premium Tea Classic,Grocery & Food,Beverages,Brand50,SUP192,1820.48,1985.28,8.3,True,2018-09-24,0.18
PRD02445,Premium Tea Select,Grocery & Food,Beverages,Brand27,SUP042,1253.05,1346.22,6.92,True,2022-07-22,7.15
PRD02446,Premium Tea Plus,Grocery & Food,Beverages,Brand03,SUP139,2282.45,2430.66,6.1,True,2023-09-10,6.82
PRD02447,Premium Tea Elite,Grocery & Food,Beverages,Brand15,SUP034,1656.64,1819.21,8.94,True,2023-12-20,9.61
PRD02448,Premium Tea Plus,Grocery & Food,Beverages,Brand09,SUP172,316.24,346.3,8.68,True,2023-11-08,23.03
PRD02449,Filter Coffee,Grocery & Food,Beverages,Brand30,SUP200,1841.72,1937.58,4.95,True,2019-12-02,13.29
PRD02450,Filter Coffee Premium,Grocery & Food,Beverages,Brand47,SUP029,258.84,279.75,7.48,True,2022-04-07,3.11
PRD02451,Filter Coffee Eco,Grocery & Food,Beverages,Brand32,SUP075,2413.84,2525.08,4.41,True,2020-01-14,13.76
PRD02452,Filter Coffee Plus,Grocery & Food,Beverages,Brand30,SUP136,2531.58,2777.32,8.85,True,2022-02-12,1.53
PRD02453,Filter Coffee Eco,Grocery & Food,Beverages,Brand06,SUP154,1999.2,2161.33,7.5,True,2019-08-05,17.3
PRD02454,Filter Coffee Elite,Grocery & Food,Beverages,Brand13,SUP162,1999.82,2122.2,5.77,True,2020-07-17,18.62
PRD02455,Filter Coffee Classic,Grocery & Food,Beverages,Brand37,SUP083,2382.26,2485.4,4.15,True,2019-11-03,13.82
PRD02456,Filter Coffee Classic,Grocery & Food,Beverages,Brand49,SUP091,1549.47,1641.95,5.63,True,2018-05-18,12.91
PRD02457,Filter Coffee Eco,Grocery & Food,Beverages,Brand08,SUP054,793.48,839.85,5.52,True,2023-07-07,9.9
PRD02458,Filter Coffee Elite,Grocery & Food,Beverages,Brand04,SUP045,2501.78,2732.22,8.43,True,2021-04-06,21.62
PRD02459,Filter Coffee Elite,Grocery & Food,Beverages,Brand44,SUP162,2471.21,2585.31,4.41,True,2022-09-22,12.73
PRD02460,Filter Coffee Lite,Grocery & Food,Beverages,Brand26,SUP136,2608.77,2746.13,5.0,True,2019-12-03,10.9
PRD02461,Packaged Juice,Grocery & Food,Beverages,Brand13,SUP088,2147.45,2273.92,5.56,True,2019-10-08,10.13
PRD02462,Packaged Juice Lite,Grocery & Food,Beverages,Brand40,SUP079,1541.48,1688.44,8.7,True,2019-04-23,18.66
PRD02463,Packaged Juice Classic,Grocery & Food,Beverages,Brand36,SUP021,1464.97,1531.58,4.35,True,2021-01-01,5.85
PRD02464,Packaged Juice Pro,grocery & food,Beverages,Brand33,SUP187,1701.14,1782.45,4.56,True,2022-09-03,3.58
PRD02465,Packaged Juice Classic,Grocery & Food,Beverages,Brand32,SUP036,1042.04,1133.48,8.07,True,2023-09-06,17.4
PRD02466,Packaged Juice Max,Grocery & Food,Beverages,Brand17,SUP181,1330.93,1422.96,6.47,True,2020-08-17,8.03
PRD02467,Packaged Juice Lite,Grocery & Food,Beverages,Brand37,SUP161,405.43,435.44,6.89,False,2021-03-08,19.49
PRD02468,Packaged Juice Plus,Grocery & Food,Beverages,Brand24,SUP096,2065.18,2152.4,4.05,True,2020-09-04,15.57
PRD02469,Packaged Juice Select,Grocery & Food,Beverages,Brand17,SUP115,2608.8,2771.15,5.86,True,2018-06-26,24.39
PRD02470,Packaged Juice Eco,Grocery & Food,Beverages,Brand09,SUP191,105.01,114.77,8.5,True,2021-03-10,13.27
PRD02471,Packaged Juice Max,Grocery & Food,Beverages,Brand50,SUP018,1759.26,1851.26,4.97,False,2019-03-26,10.79
PRD02472,Packaged Juice Classic,Grocery & Food,Beverages,Brand02,SUP026,1150.33,1215.72,5.38,True,2019-01-15,11.5
PRD02473,Health Drink,Grocery & Food,Beverages,Brand16,SUP085,2428.24,2655.46,8.56,True,2023-08-26,17.69
PRD02474,Health Drink Select,Grocery & Food,Beverages,Brand46,SUP001,617.4,649.73,4.98,True,2021-04-20,5.39
PRD02475,Health Drink Select,Grocery & Food,Beverages,Brand01,SUP047,1113.46,1221.42,8.84,True,2022-09-03,6.87
PRD02476,Health Drink Select,Grocery & Food,Beverages,Brand26,SUP163,1545.05,1683.41,8.22,True,2018-04-11,8.13
PRD02477,Health Drink Eco,Grocery & Food,Beverages,Brand02,SUP066,674.35,734.59,8.2,True,2022-04-18,15.67
PRD02478,Health Drink Elite,Grocery & Food,Beverages,Brand19,SUP178,486.39,522.11,6.84,True,2019-02-01,6.98
PRD02479,Health Drink Lite,Grocery & Food,Beverages,Brand08,SUP172,1835.07,1957.93,6.28,True,2018-08-15,13.41
PRD02480,Health Drink Eco,Grocery & Food,Beverages,Brand50,SUP181,438.65,472.01,7.07,True,2021-03-17,22.0
PRD02481,Health Drink Lite,Grocery & Food,Beverages,Brand11,SUP192,2606.36,2720.77,4.21,True,2018-02-02,22.58
PRD02482,Health Drink Classic,Grocery & Food,Beverages,Brand14,SUP063,144.68,155.59,7.01,True,2020-12-21,12.47
PRD02483,Health Drink Premium,Grocery & Food,Beverages,Brand47,SUP022,1210.45,1310.74,7.65,True,2022-01-14,22.52
PRD02484,Health Drink Elite,Grocery & Food,Beverages,Brand41,SUP167,1383.59,1514.63,8.65,False,2018-02-21,17.18
PRD02485,Sparkling Water,Grocery & Food,Beverages,Brand28,SUP097,1691.56,1856.43,8.88,True,2020-10-01,14.52
PRD02486,Sparkling Water Max,Grocery & Food,Beverages,Brand43,SUP175,2490.46,2594.81,4.02,True,2022-03-23,19.11
PRD02487,Sparkling Water Pro,Grocery & Food,Beverages,Brand15,SUP013,1396.18,1473.17,5.23,True,2021-08-09,23.28
PRD02488,Sparkling Water Pro,Grocery & Food,Beverages,Brand48,SUP114,2030.01,2198.89,7.68,True,2018-07-18,11.01
PRD02489,Sparkling Water Lite,Grocery & Food,Beverages,Brand03,SUP150,390.06,423.55,7.91,True,2021-03-18,7.96
PRD02490,Sparkling Water Pro,Grocery & Food,Beverages,Brand47,SUP019,152.78,166.87,8.44,False,2020-05-16,7.97
PRD02491,Sparkling Water Premium,Grocery & Food,Beverages,Brand09,SUP133,575.41,604.71,4.84,True,2019-12-23,12.43
PRD02492,Sparkling Water Elite,Grocery & Food,Beverages,Brand44,SUP196,1227.54,1288.47,4.73,True,2018-08-17,17.59
PRD02493,Sparkling Water Lite,Grocery & Food,Beverages,Brand18,SUP072,2221.08,2364.15,6.05,True,2019-04-10,8.27
PRD02494,Sparkling Water Classic,Grocery & Food,Beverages,Brand04,SUP113,134.93,147.85,8.74,True,2019-10-20,14.5
PRD02495,Sparkling Water Select,Grocery & Food,Beverages,Brand41,SUP073,1847.77,1934.54,4.49,True,2019-06-07,15.67
PRD02496,Sparkling Water Eco,Grocery & Food,Beverages,Brand19,SUP042,1540.56,1616.8,4.72,True,2022-12-26,7.46
PRD02497,Coconut Water,Grocery & Food,Beverages,Brand24,SUP137,1757.08,1891.25,7.09,True,2021-01-17,14.04
PRD02498,Coconut Water Select,Grocery & Food,Beverages,Brand04,SUP163,1703.63,1812.56,6.01,True,2018-08-26,0.74
PRD02499,Coconut Water Select,Grocery & Food,Beverages,Brand29,SUP135,1537.13,1622.48,5.26,True,2022-12-20,19.5
PRD02500,Coconut Water Max,Grocery & Food,Beverages,Brand14,SUP055,283.14,302.98,6.55,True,2023-04-03,6.16
